SOURCE	ARABIC	OVERRIDE
@dr.munirsilwadidental	@dr.munirsilwadidental	no
& Al Raha Mall	والراحة مول	no
© 2026 Dr. Munir Silwadi Dental Centre	© 2026 مركز الدكتور منير سلوادي لطب الأسنان	no
+971 5X XXX XXXX	+971 5X XXX XXXX	no
01 · CALL	01 · اتصال	no
02 · WHATSAPP	02 · واتساب	no
03 · ONLINE FORM	03 · نموذج إلكتروني	no
10 service areas	10 مجالات للرعاية	no
15 dentists & specialists	15 طبيباً واختصاصياً	yes
15 dentists and specialists across general and specialist dentistry.	15 طبيباً واختصاصياً في طب الأسنان العام والتخصصي.	yes
2 locations	فرعان	no
25 years in GCC	25 عاماً في دول الخليج	no
25 years of orthodontic practice in the GCC, as stated in his current public profile	25 عاماً من ممارسة تقويم الأسنان في دول الخليج، وفق ملفه المنشور الحالي	no
2nd Level University Master’s in Oral Surgery & Implantology, UniCamillus, Rome	2nd Level University Master’s in Oral Surgery & Implantology, UniCamillus, Rome	no
35 years+ experience	خبرة تزيد على 35 عاماً	no
4.6 out of 5 stars	4.6 من 5 نجوم	no
5 out of 5 stars	5 من 5 نجوم	no
A clear overview of the most common reasons families see our pediatric dentist.	نظرة واضحة على أكثر الأسباب شيوعاً لزيارة العائلات لاختصاصية أسنان الأطفال.	yes
A clear place to begin.	بداية واضحة لرعايتك.	no
A cracked, fractured, displaced or injured tooth after an accident.	سن متشقق أو مكسور أو متحرك من مكانه أو مصاب بعد حادث.	yes
A familiar name in	اسم راسخ في	yes
A first dental visit is generally recommended by the first birthday, or sooner if there is pain, visible decay, trauma or another concern. Early visits focus mainly on prevention and development.	يُنصح عادةً بالزيارة الأولى لطبيب الأسنان بحلول عمر سنة، أو قبل ذلك عند وجود ألم أو تسوس ظاهر أو إصابة أو أي قلق آخر. تركز الزيارات المبكرة على الوقاية ومتابعة النمو.	yes
A minimally invasive approach aimed at preserving natural tooth structure where clinically possible.	نهج قليل التدخل يهدف إلى الحفاظ على بنية السن الطبيعية متى كان ذلك ممكناً سريرياً.	no
A practical first point of care.	بداية عملية للرعاية.	no
A previously treated tooth may need reassessment if symptoms persist, infection recurs or the previous root canal system requires additional treatment.	قد يحتاج السن المعالج سابقاً إلى إعادة التقييم إذا استمرت الأعراض أو عادت العدوى أو احتاج علاج القنوات السابق إلى تدخل إضافي.	yes
A simple care pathway	مسار رعاية بسيط	no
A simpler visit for you and your child.	زيارة أبسط لك ولطفلك.	yes
A straightforward treatment pathway.	خطوات علاج واضحة ومباشرة.	yes
A surgical endodontic approach for selected cases where disease around the root tip cannot be managed through conventional treatment alone.	إجراء جراحي تخصصي لبعض الحالات التي لا يمكن علاج المشكلة حول ذروة الجذر بالعلاج التقليدي وحده.	yes
About	عن المركز	no
About Silwadi	عن سلوادي	no
Abu Dhabi	أبوظبي	no
Abu Dhabi practice since 2000	ممارسة في أبوظبي منذ عام 2000	no
Academic & Professional Background	الخلفية الأكاديمية والمهنية	no
Academic experience	خبرة أكاديمية	no
Academic orthodontics	خبرة أكاديمية في تقويم الأسنان	no
Accessible dental treatment room at Silwadi Dental Centre Al Raha Mall branch in Abu Dhabi	Accessible dental treatment room at Silwadi Dental Centre Al Raha Mall branch in Abu Dhabi	no
Active membership, European Society of Lingual Orthodontics (ESLO), as recorded by the centre	عضوية فعالة في الجمعية الأوروبية للتقويم اللساني (ESLO)، وفق سجلات المركز	no
Additional Fellowship training in Successful Endodontic Practice under Prof. Dr. Talal Al Nahlawi	Additional Fellowship training in Successful Endodontic Practice under Prof. Dr. Talal Al Nahlawi	no
Address	العنوان	no
Aesthetic care with a restorative foundation.	رعاية تجميلية تبدأ من أساس ترميمي سليم.	no
Aesthetic dental care including Hollywood Smile planning, veneers, smile design and professional teeth whitening after assessment.	خدمات تجميلية تشمل هوليوود سمايل، والقشور، وتصميم الابتسامة، وتبييض الأسنان الاحترافي بعد التقييم.	no
Aesthetic dentistry	طب الأسنان التجميلي	no
Age-appropriate communication, behavior guidance and nitrous oxide conscious sedation when clinically appropriate.	تواصل مناسب لعمر الطفل وتوجيه سلوكي وإمكانية استخدام أكسيد النيتروز للتهدئة الواعية عندما يكون مناسباً سريرياً.	yes
AH	AH	no
Ahmed H	Ahmed H	no
Al Raha	الراحة	yes
Al Raha location	فرع الراحة مول	yes
Al Raha Mall	الراحة مول	yes
Al Raha Mall · now open	الراحة مول · مفتوح الآن	no
Al Raha Mall · Pediatric Clinic	الراحة مول · عيادة أسنان الأطفال	yes
Al Raha Mall, Abu Dhabi	الراحة مول، أبوظبي	no
Al Raha Mall, Level 1	الراحة مول، الطابق الأول	no
Align and protect	التقويم والحماية	yes
Aligners	صفافات شفافة	no
Alignment & bite correction	تصحيح اصطفاف الأسنان والإطباق	yes
All	الكل	no
Anterior and posterior composite restorations, veneers and in-office teeth whitening.	Anterior and posterior composite restorations, veneers and in-office teeth whitening.	no
Anterior and posterior composite restorations, veneers, in-office teeth whitening and CAD/CAM restorations.	Anterior and posterior composite restorations, veneers, in-office teeth whitening and CAD/CAM restorations.	no
Anxiety & additional support	القلق والدعم الإضافي	yes
Anxiety & special-care dentistry	Anxiety & special-care dentistry	no
Appointment request	طلب موعد	no
Appointments	المواعيد	no
Approach to care	Approach to care	no
Are braces the only option?	هل التقويم هو الخيار الوحيد؟	no
Are veneers right for every cosmetic concern?	هل تناسب القشور كل مشكلة تجميلية؟	no
Areas of Expertise	مجالات الخبرة	no
Arrange your child's dental visit.	رتّب زيارة طفلك لعيادة الأسنان.	yes
Assess	التقييم	yes
Assessment	التقييم	yes
Assessment after chipped, loosened, displaced or injured primary and permanent teeth.	تقييم الأسنان اللبنية والدائمة بعد الكسر أو التخلخل أو التحرك من مكانها أو الإصابة.	yes
Assessment and surgical management of periodontal conditions, including procedures for gum recession and crown lengthening where indicated.	Assessment and surgical management of periodontal conditions, including procedures for gum recession and crown lengthening where indicated.	no
Assessment and treatment of gum health and the tissues supporting the teeth.	تقييم صحة اللثة والأنسجة الداعمة للأسنان وعلاجها.	no
Assessment and treatment planning for alignment and bite correction.	تقييم وتخطيط علاج اصطفاف الأسنان وتصحيح الإطباق.	no
Assessment and treatment planning for avulsed, luxated and fractured teeth.	Assessment and treatment planning for avulsed, luxated and fractured teeth.	no
Assessment before treatment	التقييم قبل العلاج	yes
At a glance	نظرة سريعة	yes
Available	متاح	no
Bachelor of Dental Surgery from RAK College of Dental Sciences	Bachelor of Dental Surgery from RAK College of Dental Sciences	no
Bachelor’s Degree in Dentistry, Damascus University, 2017	Bachelor’s Degree in Dentistry, Damascus University, 2017	no
Bani Yas Tower	برج بني ياس	yes
Bani Yas Tower · Abu Dhabi	برج بني ياس · أبوظبي	no
Bani Yas Tower (Corniche)	Bani Yas Tower (Corniche)	no
Bani Yas Tower + Al Raha Mall	برج بني ياس والراحة مول	yes
Bani Yas Tower and Al Raha Mall, Abu Dhabi, UAE	برج بني ياس والراحة مول، أبوظبي، الإمارات العربية المتحدة	no
Bani Yas Tower, Abu Dhabi	برج بني ياس، أبوظبي	no
Bani Yas Tower, Building 117 C Floor	برج بني ياس، المبنى 117، الطابق C	no
Bani Yas Tower, Building 117 C Floor, Sultan Bin Zayed The First St, W Corniche Road, Abu Dhabi, UAE	برج بني ياس، المبنى 117، الطابق C، شارع سلطان بن زايد الأول، طريق الكورنيش الغربي، أبوظبي، الإمارات العربية المتحدة	no
Bani Yas Tower, Building 117 C Floor, Sultan Bin Zayed The First St, W Corniche Road, Abu Dhabi.	برج بني ياس، المبنى 117، الطابق C، شارع سلطان بن زايد الأول، طريق الكورنيش الغربي، أبوظبي.	no
Bani Yas Tower, Building 117 C Floor, W Corniche Road.	برج بني ياس، المبنى 117، الطابق C، شارع سلطان بن زايد الأول، طريق الكورنيش الغربي.	no
BDS · MDS in Pediatric Dentistry	بكالوريوس طب الأسنان · ماجستير طب أسنان الأطفال	yes
BDS, 2001	BDS, 2001	no
BDS, D.Y. Patil University	BDS, D.Y. Patil University	no
Before the appointment.	قبل الموعد.	yes
Before your visit	قبل زيارتك	no
Behavioral guidance and nitrous oxide conscious sedation where clinically appropriate, including individualized care for children with additional needs.	Behavioral guidance and nitrous oxide conscious sedation where clinically appropriate, including individualized care for children with additional needs.	no
Best for appointment availability, urgent scheduling questions and direct assistance.	مناسب لمعرفة المواعيد المتاحة والاستفسارات العاجلة والمساعدة المباشرة.	no
Bite and alignment planning	تخطيط للإطباق واصطفاف الأسنان	no
Bone & soft-tissue procedures	Bone & soft-tissue procedures	no
Book	احجز	yes
Book a Consultation	احجز استشارة	yes
Book a consultation with Dr. Munir Silwadi	احجز استشارة مع د. منير سلوادي	no
Book an Appointment	احجز موعداً	yes
Book an assessment with the Silwadi team so the tooth can be examined and the appropriate next step discussed.	احجز تقييماً مع فريق سلوادي لفحص السن ومناقشة الخطوة العلاجية المناسبة.	yes
Book your appointment	احجز موعدك	no
Both locations	كلا الفرعين	yes
Both locations, Abu Dhabi	كلا الفرعين في أبوظبي	no
Braces	تقويم الأسنان	no
Braces & aligners	التقويم والصفافات	no
Braces or clear aligners?	تقويم ثابت أم صفافات شفافة؟	no
Braces, clear aligners and bite correction after assessment.	تقويم وصفافات شفافة وتصحيح للإطباق بعد التقييم.	no
Breadcrumb	مسار التنقل	yes
Bright dental treatment room at Silwadi Dental Centre Al Raha Mall branch in Abu Dhabi	غرفة علاج أسنان مشرقة في فرع مركز سلوادي بالراحة مول في أبوظبي	yes
Broken teeth or lost restorations	أسنان مكسورة أو تركيبات مفقودة	no
Browse all dentists & specialists →	تصفّح جميع الأطباء والاختصاصيين	yes
Browse the service areas below for a plain-language overview. Every card leads to the next useful step, and reception can help if you are unsure where to begin.	تعرّف إلى مجالات الخدمة أدناه بلغة واضحة. كل بطاقة تقودك إلى الخطوة التالية، ويمكن للاستقبال مساعدتك إذا لم تعرف من أين تبدأ.	no
Building 117 C Floor, Sultan Bin Zayed The First St, W Corniche Road, Abu Dhabi.	المبنى 117، الطابق C، شارع سلطان بن زايد الأول، طريق الكورنيش الغربي، أبوظبي.	no
CAD / CAM restorations	ترميمات CAD/CAM	no
CAD/CAM	CAD/CAM	no
Call	اتصل	yes
Call +971 2 626 2042	اتصل على ‎+971 2 626 2042	no
Call +971 2 626 2042 →	اتصل على ‎+971 2 626 2042	yes
Call +971 2 666 2408 →	اتصل على ‎+971 2 666 2408	yes
Call Al Raha	اتصل بفرع الراحة	no
Call first for urgent dental concerns.	اتصل أولاً عند وجود مشكلة أسنان عاجلة.	no
Call or view urgent care →	اتصل بنا أو اطّلع على الرعاية العاجلة	yes
Call reception or book a consultation online for help choosing the appropriate appointment.	اتصل بالاستقبال أو احجز استشارة عبر الإنترنت لمساعدتك في اختيار الموعد المناسب.	no
Call the Centre	اتصل بالمركز	yes
Call the centre first. Availability depends on clinic hours and the clinicians working at that time.	اتصل بالمركز أولاً. يعتمد توفر الموعد على ساعات العمل والأطباء الموجودين في ذلك الوقت.	no
Call the centre or send a consultation request. Reception can help direct you to the appropriate dentist or specialist.	اتصل بالمركز أو أرسل طلب استشارة. يمكن للاستقبال توجيهك إلى طبيب الأسنان أو الاختصاصي المناسب.	no
Call Us	اتصل بنا	yes
Call, email or send a consultation request. If you are not sure who to book with, reception can guide you.	اتصل أو أرسل بريداً إلكترونياً أو طلب استشارة. إذا لم تعرف الطبيب المناسب، يمكن للاستقبال إرشادك.	no
Call, email or start with a general consultation enquiry. Reception can help direct your request.	اتصل أو أرسل بريداً إلكترونياً أو ابدأ باستفسار عام عن الاستشارة. يساعدك الاستقبال في توجيه طلبك.	no
Can a general dentist refer me to a specialist?	هل يستطيع طبيب الأسنان العام إحالتي إلى اختصاصي؟	no
Can a root canal save my natural tooth?	هل يمكن لعلاج الجذور الحفاظ على سني الطبيعي؟	yes
Can adults have orthodontic treatment?	هل يمكن للبالغين الخضوع لتقويم الأسنان؟	yes
Can I see the proposed changes before treatment?	هل يمكنني رؤية التغييرات المقترحة قبل العلاج؟	no
Can you tell me the treatment before I arrive?	هل يمكنكم تحديد العلاج قبل وصولي؟	no
Canadian Dental Board Certificate	شهادة مجلس طب الأسنان الكندي	no
Care	الرعاية	no
Care aimed at preserving viable pulp tissue where appropriate, together with assessment and management of traumatised teeth.	رعاية تهدف إلى الحفاظ على أنسجة اللب الحيوية متى كان ذلك مناسباً، مع تقييم ومعالجة الأسنان المصابة.	yes
Care for every smile in	رعاية لكل ابتسامة في	no
Care planned around your child’s age, dental needs and clinical findings, with prevention, restorative treatment and dental trauma assessment when appropriate.	رعاية تُخطط بحسب عمر طفلك واحتياجاته السنية والنتائج السريرية، وتشمل الوقاية والعلاج الترميمي وتقييم إصابات الأسنان عند الحاجة.	yes
Cavities & pulp therapy	التسوس وعلاج لب الأسنان	yes
Centre	المركز	no
CEREC Master and ISCD Certified International Trainer	ماجستير CEREC ومدرب دولي معتمد من ISCD	no
Certificate in Specialized Clinical Studies in Orthodontics (CECSMO), Paris VII University, 1989	شهادة الدراسات السريرية التخصصية في تقويم الأسنان (CECSMO)، جامعة باريس السابعة، 1989	yes
Certifications in Nitrous Oxide Conscious Sedation and Professional Dental Bleaching	Certifications in Nitrous Oxide Conscious Sedation and Professional Dental Bleaching	no
Certifications in Nitrous Oxide Conscious Sedation, PALS and BLS	Certifications in Nitrous Oxide Conscious Sedation, PALS and BLS	no
Channel St, Al Rahah, Abu Dhabi, UAE	Channel St, Al Rahah, Abu Dhabi, UAE	no
Chat on WhatsApp	تواصل عبر واتساب	yes
Chat with Silwadi Dental Center on WhatsApp	تواصل مع مركز سلوادي لطب الأسنان عبر واتساب	yes
Check availability	تحقق من المواعيد المتاحة	no
Check oral health, existing restorations and the bite.	افحص صحة الفم والتركيبات الموجودة والإطباق.	no
Checkups, fluoride, fissure sealants and guidance as baby teeth fall out and permanent teeth develop.	فحوصات دورية وفلورايد وسدادات الشقوق وإرشادات خلال تبدل الأسنان اللبنية ونمو الأسنان الدائمة.	yes
Child-focused dinosaur dental chair in the pediatric clinic	Child-focused dinosaur dental chair in the pediatric clinic	no
Children’s dental care	رعاية أسنان الأطفال	no
Children's dental treatment room at Silwadi Dental Centre Al Raha Mall branch in Abu Dhabi	غرفة علاج أسنان الأطفال في فرع مركز سلوادي بالراحة مول في أبوظبي	yes
Choose a profile to learn more about each orthodontist’s background and clinical interests.	اختر ملفاً للتعرف إلى خبرة كل اختصاصي تقويم واهتماماته السريرية.	no
Choose a service that matches your next step.	اختر الخدمة التي تناسب خطوتك التالية.	no
Choose a starting point	اختر نقطة البداية	no
Choose a treatment area, or contact us if you are not sure where to start.	اختر مجال العلاج، أو تواصل معنا إذا لم تكن متأكداً من أين تبدأ.	no
Choose how you would like to contact the centre.	اختر الطريقة التي تفضلها للتواصل مع المركز.	no
Choose the care you need	اختر الرعاية المناسبة	yes
Choose the contact method that works best for you. Reception can help with appointment availability and route treatment enquiries appropriately.	اختر طريقة التواصل الأنسب لك. يساعدك الاستقبال في معرفة المواعيد وتوجيه استفسارات العلاج إلى الطبيب المناسب.	no
Choosing the right approach	اختيار النهج المناسب	no
Clarify what you would like to change and what is realistic.	وضّح ما تود تغييره وما يمكن تحقيقه واقعياً.	no
Clear aligner treatment is also listed among his orthodontic approaches.	ويذكر الملف أيضاً علاج الصفافات الشفافة ضمن أساليبه في التقويم.	no
Clear aligners	صفافات شفافة	no
Clear aligners are part of his stated orthodontic practice.	تشكل الصفافات الشفافة جزءاً من ممارسته في تقويم الأسنان.	no
Clinic	العيادة	yes
Clinic highlights	مميزات المركز	no
Clinical assessment before treatment planning	تقييم سريري قبل وضع خطة العلاج	yes
Clinical base	الفرع	yes
Clinical examination and diagnostic records where indicated.	فحص سريري وسجلات تشخيصية عند الحاجة.	no
Clinical focus	مجالات الاهتمام السريري	no
Clinical technology & approach	Clinical technology & approach	no
Clinical treatment room at the Bani Yas Tower branch of Silwadi Dental Centre	Clinical treatment room at the Bani Yas Tower branch of Silwadi Dental Centre	no
Close review	إغلاق التقييم	no
Common questions	أسئلة شائعة	yes
Complete and partial dentures, crowns, bridges and restorative planning for patients requiring functional rehabilitation.	Complete and partial dentures, crowns, bridges and restorative planning for patients requiring functional rehabilitation.	no
Complete the form →	أرسل النموذج	yes
Complete the form and your request will be prepared for the appointments team.	أكمل النموذج ليُرسل طلبك إلى فريق المواعيد.	no
Complex restorative care	رعاية ترميمية معقدة	no
Comprehensive General Dentistry	طب الأسنان العام الشامل	no
Comprehensive restorative planning for complex prosthodontic cases.	تخطيط ترميمي شامل لحالات التركيبات المعقدة.	no
Concerned about tooth alignment or your bite? Our orthodontic specialists assess the problem first, then discuss the treatment options that fit the case.	هل يقلقك اصطفاف الأسنان أو الإطباق؟ يقيّم اختصاصيو التقويم المشكلة أولاً، ثم يناقشون خيارات العلاج المناسبة للحالة.	no
Concerned about tooth pain or a previous root canal?	هل تعاني من ألم في السن أو مشكلة بعد علاج جذور سابق؟	yes
Conservative care	علاج محافظ	no
Conservative management of dental caries and restoration of tooth structure and function.	العلاج المحافظ لتسوس الأسنان واستعادة بنية السن ووظيفته.	no
Consultant orthodontics	استشاري تقويم الأسنان	no
Consultant Orthodontics	استشاري تقويم الأسنان	no
Consultant Orthodontist	استشاري تقويم أسنان	no
Consultant-led assessment of tooth alignment and bite relationships.	تقييم بإشراف استشاري لاصطفاف الأسنان وعلاقات الإطباق.	no
Consultant-led orthodontic assessment and treatment.	تقييم وعلاج تقويم الأسنان بإشراف استشاري.	no
Consultation	الاستشارة	no
Consultations	الاستشارات	no
Contact	تواصل معنا	no
Contact & Consultations	التواصل والاستشارات	no
Contact a dental professional promptly if a tooth is chipped, loose, displaced or causing significant pain. The next step depends on the injury and whether the affected tooth is primary or permanent.	تواصل مع طبيب الأسنان بسرعة إذا كان السن مكسوراً أو متخلخلاً أو متحركاً من مكانه أو يسبب ألماً شديداً. تعتمد الخطوة التالية على نوع الإصابة وما إذا كان السن لبنياً أم دائماً.	yes
Contact reception to request a consultation with Dr. Munir Silwadi. The team can help with appointment availability and treatment enquiries.	تواصل مع الاستقبال لطلب موعد مع د. منير سلوادي. سيساعدك الفريق في التأكد من المواعيد المتاحة وتوجيه استفسارك.	no
Contact reception to request an appointment with Dr. Afnan Mashal. The team can confirm availability and help route your enquiry.	تواصل مع الاستقبال لطلب موعد مع د. أفنان مشعل. سيساعدك الفريق في التأكد من المواعيد المتاحة وتوجيه استفسارك.	no
Contact reception to request an appointment with Dr. Ahmed El Shehri. The team can confirm availability and help route your enquiry.	تواصل مع الاستقبال لطلب موعد مع د. أحمد الشهري. سيساعدك الفريق في التأكد من المواعيد المتاحة وتوجيه استفسارك.	no
Contact reception to request an appointment with Dr. Dana Awad. The team can confirm availability and help route your enquiry.	تواصل مع الاستقبال لطلب موعد مع الدكتورة دانا عوض. سيساعدك الفريق في التأكد من المواعيد المتاحة وتوجيه استفسارك.	no
Contact reception to request an appointment with Dr. Ehab Hassouneh. The team can confirm availability and help route your enquiry.	تواصل مع الاستقبال لطلب موعد مع د. إيهاب حسونة. سيساعدك الفريق في التأكد من المواعيد المتاحة وتوجيه استفسارك.	no
Contact reception to request an appointment with Dr. Fahed Abi Khalil. The team can confirm availability and help route your enquiry.	تواصل مع الاستقبال لطلب موعد مع د. فهد أبي خليل. سيساعدك الفريق في التأكد من المواعيد المتاحة وتوجيه استفسارك.	no
Contact reception to request an appointment with Dr. Hani Hasbini. The team can confirm availability and help route your enquiry.	تواصل مع الاستقبال لطلب موعد مع د. هاني حسبيني. سيساعدك الفريق في التأكد من المواعيد المتاحة وتوجيه استفسارك.	no
Contact reception to request an appointment with Dr. Kashmira Pawar Jayprakash. The team can confirm availability and help route your enquiry.	تواصل مع الاستقبال لطلب موعد مع د. كاشميرا باوار جايبراكاش. سيساعدك الفريق في التأكد من المواعيد المتاحة وتوجيه استفسارك.	no
Contact reception to request an appointment with Dr. Krishnamurthy Balajee. The team can confirm availability and help route your enquiry.	تواصل مع الاستقبال لطلب موعد مع د. كريشنامورثي بالاجي. سيساعدك الفريق في التأكد من المواعيد المتاحة وتوجيه استفسارك.	no
Contact reception to request an appointment with Dr. Lana Almasoud. The team can confirm availability and help route your enquiry.	تواصل مع الاستقبال لطلب موعد مع Dr. Lana Almasoud. سيساعدك الفريق في التأكد من المواعيد المتاحة وتوجيه استفسارك.	no
Contact reception to request an appointment with Dr. Moammar Mohamed Rifai. The team can confirm availability and help route your enquiry.	تواصل مع الاستقبال لطلب موعد مع د. معمر محمد الرفاعي. سيساعدك الفريق في التأكد من المواعيد المتاحة وتوجيه استفسارك.	no
Contact reception to request an appointment with Dr. Moheb Silwadi. The team can confirm availability and help route your enquiry.	تواصل مع الاستقبال لطلب موعد مع د. مهيب سلوادي. سيساعدك الفريق في التأكد من المواعيد المتاحة وتوجيه استفسارك.	no
Contact reception to request an appointment with Dr. Nachiket Shah. The team can confirm availability and help route your enquiry.	تواصل مع الاستقبال لطلب موعد مع د. ناشيكيت شاه. سيساعدك الفريق في التأكد من المواعيد المتاحة وتوجيه استفسارك.	no
Contact reception to request an appointment with Dr. Nasr Keshkiea. The team can confirm availability and help route your enquiry.	تواصل مع الاستقبال لطلب موعد مع د. نصر كشكية. سيساعدك الفريق في التأكد من المواعيد المتاحة وتوجيه استفسارك.	no
Contact reception to request an appointment with Dr. Sara Ismail. The team can confirm availability and help route your enquiry.	تواصل مع الاستقبال لطلب موعد مع د. سارة إسماعيل. سيساعدك الفريق في التأكد من المواعيد المتاحة وتوجيه استفسارك.	no
Contact Silwadi Dental Center to request an appointment with our pediatric dentist at Al Raha Mall.	تواصل مع مركز سلوادي لطب الأسنان لطلب موعد مع اختصاصية أسنان الأطفال في الراحة مول.	yes
Corniche	الكورنيش	yes
Corniche location	فرع برج بني ياس	yes
Cosmetic dental care including Hollywood Smile planning, veneers, smile design and professional teeth whitening, selected after a clinical assessment of the teeth, gums and bite.	Cosmetic dental care including Hollywood Smile planning, veneers, smile design and professional teeth whitening, selected after a clinical assessment of the teeth, gums and bite.	no
Cosmetic dentistry	طب الأسنان التجميلي	no
Cosmetic Dentistry	طب الأسنان التجميلي	yes
Cosmetic Dentistry & Teeth Whitening	تجميل الأسنان وتبييضها	no
Cosmetic dentistry and teeth whitening	Cosmetic dentistry and teeth whitening	no
Cosmetic Dentistry in	تجميل الأسنان في	yes
Cosmetic dentistry should begin with a clinical assessment. The condition of the teeth and gums, the bite and any existing restorations can affect which aesthetic options make sense.	يبدأ تجميل الأسنان بتقييم سريري. فقد تؤثر حالة الأسنان واللثة والإطباق والتركيبات الموجودة في الخيارات التجميلية المناسبة.	no
Cosmetic dentistry, Hollywood Smile and teeth whitening at Silwadi Dental Center Abu Dhabi	Cosmetic dentistry, Hollywood Smile and teeth whitening at Silwadi Dental Center Abu Dhabi	no
Crowns & restorative care	التيجان والرعاية الترميمية	no
Crowns, bridges, dentures and other restorative options.	تيجان وجسور وأطقم وخيارات ترميمية أخرى.	no
Crowns, bridges, dentures and restorative planning around your bite.	Crowns, bridges, dentures and restorative planning around your bite.	no
Crowns, partial crowns and broader general restorative treatment.	تيجان وتيجان جزئية وعلاج ترميمي عام أوسع.	no
Current location	الفرع الحالي	no
DDS from Ajman University	DDS from Ajman University	no
DDS, Lebanese University, 1993	DDS، الجامعة اللبنانية، 1993	yes
DDS, Lebanese University, 2003	DDS، الجامعة اللبنانية، 2003	yes
DDS, University of Jordan, 2008	DDS، الجامعة الأردنية، 2008	yes
Dental care	رعاية الأسنان	yes
Dental care at Silwadi Dental Center Abu Dhabi	Dental care at Silwadi Dental Center Abu Dhabi	no
Dental care for children	رعاية أسنان الأطفال	yes
Dental care for children from infancy through adolescence, including preventive care, fluoride, sealants and restorative treatment.	رعاية أسنان الأطفال من مرحلة الرضاعة حتى المراهقة، وتشمل الوقاية والفلورايد والحشوات الوقائية والعلاج الترميمي.	no
Dental care in	رعاية أسنان في	no
Dental chair and clinical room at Silwadi Dental Centre, Bani Yas Tower	Dental chair and clinical room at Silwadi Dental Centre, Bani Yas Tower	no
Dental examinations	فحوصات الأسنان	no
Dental implant care	Dental implant care	no
Dental implant care at Silwadi Dental Center Abu Dhabi	Dental implant care at Silwadi Dental Center Abu Dhabi	no
Dental implants	زراعة الأسنان	no
Dental Implants	زراعة الأسنان	no
Dental implants and implant-supported restorative care are listed among his clinical interests.	ترد زراعة الأسنان والرعاية الترميمية المدعومة بالزراعة ضمن اهتماماته السريرية.	no
Dental implants can support a replacement tooth or an implant-supported restoration when a patient is clinically suitable. The restoration is planned around the missing tooth or teeth, the bite and the surrounding tissues.	يمكن لزراعة الأسنان أن تدعم سناً بديلاً أو تركيبة مدعومة بالزراعة عندما يكون المريض مناسباً من الناحية السريرية. ويُخطط للتعويض وفق السن أو الأسنان المفقودة والإطباق والأنسجة المحيطة.	no
Dental Implants in	زراعة الأسنان في	yes
Dental implants replace missing tooth roots and can support crowns, bridges or dentures after clinical assessment and treatment planning.	تعوّض زراعة الأسنان جذور الأسنان المفقودة، ويمكنها دعم التيجان والجسور أو أطقم الأسنان بعد التقييم ووضع خطة العلاج المناسبة.	no
Dental Internship Program, Ajman University	Dental Internship Program, Ajman University	no
Dental internship training across restorative, endodontic, prosthetic and simple surgical rotations	Dental internship training across restorative, endodontic, prosthetic and simple surgical rotations	no
Dental laser techniques used for selected soft- and hard-tissue procedures when clinically appropriate.	تقنيات الليزر المستخدمة في إجراءات مختارة للأنسجة الرخوة والصلبة عندما تكون مناسبة سريرياً.	no
Dental pain	ألم الأسنان	no
Dental pain or a broken tooth can be difficult to ignore. Call the centre first so we can check clinic availability and help direct the next step.	قد يصعب تجاهل ألم الأسنان أو كسر السن. اتصل بالمركز أولاً لنتحقق من المواعيد المتاحة ونرشدك إلى الخطوة التالية.	no
Dental services	خدمات طب الأسنان	yes
Dental services at Silwadi.	خدمات طب الأسنان في سلوادي.	no
Dental services for every smile in	خدمات طب الأسنان لكل ابتسامة في	yes
Dental Surgery degree, Saint Joseph University, Beirut, 1985	درجة في جراحة الأسنان، جامعة القديس يوسف، بيروت، 1985	yes
Dental swelling should be assessed promptly. If swelling affects breathing or swallowing, seek emergency medical care.	يجب تقييم تورم الأسنان سريعاً. وإذا أثر التورم في التنفس أو البلع، فاطلب الرعاية الطبية الطارئة.	no
Dental trauma	إصابات الأسنان	yes
Dental trauma management	Dental trauma management	no
Dental treatment room at Silwadi Dental Centre, Bani Yas Tower in Abu Dhabi	Dental treatment room at Silwadi Dental Centre, Bani Yas Tower in Abu Dhabi	no
Dental visits designed for children from infancy to adolescence.	زيارات أسنان مناسبة للأطفال من الرضاعة حتى المراهقة.	no
dentistry.	طب الأسنان.	yes
Depending on clinical findings, care may include examinations, fillings, treatment of damaged teeth, preventive advice and hygiene support. More complex problems can be referred to the relevant specialist within the team.	بحسب نتائج الفحص، قد تشمل الرعاية الفحوصات والحشوات وعلاج الأسنان المتضررة والنصائح الوقائية ودعم نظافة الفم. ويمكن إحالة الحالات الأكثر تعقيداً إلى الاختصاصي المناسب ضمن الفريق.	no
Depending on the case, cosmetic planning may involve professional whitening, veneers, crowns or other restorative work. Digital smile planning may also be used to support communication about shape, proportion and restorative goals.	بحسب الحالة، قد يشمل التخطيط التجميلي تبييضاً احترافياً أو قشوراً أو تيجاناً أو علاجاً ترميمياً آخر. وقد يُستخدم التخطيط الرقمي للابتسامة لتوضيح الشكل والتناسق وأهداف الترميم.	no
Describe the problem	صف المشكلة	no
Described one of her best dental experiences and praised Dr. Moheb’s calm, patient manner and the quality of his work.	وصفت التجربة بأنها من أفضل تجاربها في طب الأسنان، وأشادت بهدوء الدكتور مهيب وصبره وجودة عمله.	no
DHA licensed in prosthodontics and implantology	مرخص من هيئة الصحة بدبي في التركيبات وزراعة الأسنان	no
Diagnosis and treatment for gums and supporting tissues.	تشخيص وعلاج اللثة والأنسجة الداعمة.	no
Diagnosis and treatment of conditions affecting the dental pulp and root canal system, including root canal therapy and retreatment.	تشخيص وعلاج الحالات التي تصيب لب السن وقنوات الجذر، بما في ذلك علاج الجذور وإعادة العلاج.	no
Diagnosis, treatment planning, and management of common dental conditions with a patient-centered approach.	تشخيص الحالات الشائعة وتخطيط علاجها وإدارتها بأسلوب يضع المريض في صميم الرعاية.	no
Diagnostic support	دعم تشخيصي	no
Digital and computer-guided workflows may be used in selected cases to support implant positioning and restorative planning. The technology used depends on the clinical situation rather than being required for every implant case.	قد تُستخدم التقنيات الرقمية والتخطيط الموجّه بالحاسوب في حالات مختارة لدعم تحديد موضع الزراعة والتخطيط الترميمي. وتُختار التقنية وفق الحالة السريرية، ولا تكون ضرورية لكل حالة زراعة.	no
Digital dentistry	طب الأسنان الرقمي	no
Digital dentistry & prosthodontics	Digital dentistry & prosthodontics	no
Digital intra-oral assessment, CAD/CAM scanner workflows and fixed or removable prosthodontic care within general practice.	Digital intra-oral assessment, CAD/CAM scanner workflows and fixed or removable prosthodontic care within general practice.	no
Digital orthodontics	تقويم رقمي	no
Digital planning	التخطيط الرقمي	yes
Digital planning where appropriate	تخطيط رقمي عند الحاجة	no
Digital scanning and 3D diagnostic workflows are also described in his centre profile.	ويصف ملفه في المركز أيضاً المسح الرقمي وسير العمل التشخيصي ثلاثي الأبعاد.	no
Digital Smile Design	تصميم رقمي للابتسامة	no
Digital Smile Design and computer-aided restorative workflows.	التصميم الرقمي للابتسامة وسير العمل الترميمي بمساعدة الحاسوب.	no
Digital smile planning	التخطيط الرقمي للابتسامة	no
Digital smile planning may be used in selected cases to support discussion and visual communication before restorative treatment.	قد يُستخدم التخطيط الرقمي للابتسامة في حالات مختارة لتوضيح النتيجة ومناقشتها قبل العلاج الترميمي.	no
Digital visual planning used to support restorative and aesthetic communication.	تخطيط بصري رقمي لدعم التواصل حول الترميم والنتيجة التجميلية.	no
Digital workflows for selected crowns, veneers and aesthetic restorations.	سير عمل رقمي لتيجان وقشور وترميمات تجميلية مختارة.	no
Diploma in Advanced Esthetic Dentistry, Mastery Academy, Dubai	Diploma in Advanced Esthetic Dentistry, Mastery Academy, Dubai	no
Direct composite restorations, professional dental bleaching and restorative treatment planning.	Direct composite restorations, professional dental bleaching and restorative treatment planning.	no
Discuss	المناقشة	yes
Discuss findings and the treatment options that apply.	ناقش النتائج وخيارات العلاج المناسبة.	no
Discuss the recommended appliance and treatment goals.	ناقش الجهاز الموصى به وأهداف العلاج.	no
Disinfection & Sealing	التعقيم والإغلاق	yes
Do all implant cases use guided surgery?	هل تستخدم الجراحة الموجّهة في كل حالات الزراعة؟	no
Do baby teeth really need treatment?	هل تحتاج الأسنان اللبنية فعلاً إلى العلاج؟	yes
Do I need an appointment for an urgent dental problem?	هل أحتاج إلى موعد لمشكلة أسنان عاجلة؟	no
Do I need an examination before whitening or veneers?	هل أحتاج إلى فحص قبل التبييض أو القشور؟	no
Do you provide preventive dental care?	هل تقدمون رعاية أسنان وقائية؟	no
Doctor of Dental Medicine (DMD), Gulf Medical University	Doctor of Dental Medicine (DMD), Gulf Medical University	no
Doctor profile	ملف الطبيب	no
Doctors	الأطباء	no
Doctors for implant care	أطباء زراعة الأسنان	no
Does root canal treatment hurt?	هل علاج قناة الجذر مؤلم؟	yes
DOH licensed in prosthodontics and implantology	مرخص من دائرة الصحة في التركيبات وزراعة الأسنان	no
DOH-licensed Specialist Endodontist	DOH-licensed Specialist Endodontist	no
Dr. Afnan Mashal	د. أفنان مشعل	no
Dr. Afnan Mashal · Silwadi Dental Center, Abu Dhabi	د. أفنان مشعل · مركز سلوادي لطب الأسنان، أبوظبي	no
Dr. Afnan Mashal is a general dentist whose current public centre profile records more than 35 years of dental experience and interests across restorative and aesthetic care.	الدكتورة أفنان مشعل طبيبة أسنان عامة، ويسجل ملفها المنشور في المركز خبرة تزيد على 35 عاماً واهتماماً بالعلاج الترميمي والتجميلي.	no
Dr. Ahmed El Shehri	د. أحمد الشهري	no
Dr. Ahmed El Shehri · Silwadi Dental Center, Abu Dhabi	د. أحمد الشهري · مركز سلوادي لطب الأسنان، أبوظبي	no
Dr. Ahmed El Shehri is a specialist endodontist focused on diagnosis and root canal care. His public centre profile describes a conservative, minimally invasive approach to endodontic treatment.	الدكتور أحمد الشهري اختصاصي في علاج الجذور، يركز على التشخيص وعلاج قنوات الجذر. ويصف ملفه المنشور نهجاً محافظاً وقليل التدخل في علاج الجذور.	no
Dr. Dana Awad	د. دانا عوض	no
Dr. Dana Awad · Silwadi Dental Center, Abu Dhabi	د. دانا عوض · مركز سلوادي لطب الأسنان، أبوظبي	no
Dr. Dana Awad is a dedicated General Dentist at Dr. Munir Silwadi Dental Centre, providing comprehensive dental care with a strong focus on preventive, restorative, and esthetic dentistry. She is committed to delivering evidence-based, patient-centered treatment while creating a comfortable and reassuring experience for every patient.	الدكتورة دانا عوض طبيبة أسنان عامة في مركز الدكتور منير سلوادي لطب الأسنان، وتقدم رعاية شاملة مع تركيز على طب الأسنان الوقائي والترميمي والتجميلي. وهي حريصة على تقديم علاج يستند إلى الدليل ويتمحور حول المريض، مع توفير تجربة مريحة ومطمئنة لكل مريض.	no
Dr. Dana believes that excellent dentistry combines clinical precision with clear communication and patient comfort. She takes a personalized approach to treatment, ensuring that patients understand their oral health needs and feel confident throughout their dental journey.	تؤمن الدكتورة دانا بأن طب الأسنان المتميز يجمع بين الدقة السريرية والتواصل الواضح وراحة المريض. وتتبع نهجاً علاجياً مخصصاً لكل مريض، بما يضمن فهمه لاحتياجات صحة فمه وشعوره بالثقة والاطمئنان طوال رحلة العلاج.	no
Dr. Dana earned her Bachelor of Dental Surgery (BDS) from Istanbul Medipol University and completed her comprehensive clinical residency at the University of Sharjah, gaining experience across a broad range of general dental procedures and patient care. With a particular interest in esthetic dentistry, she further advanced her training by completing a Diploma in Esthetic Dentistry from Mastery Dental Academy in Dubai.	حصلت الدكتورة دانا على بكالوريوس جراحة الأسنان من جامعة إسطنبول ميديبول، وأكملت إقامتها السريرية الشاملة في جامعة الشارقة، حيث اكتسبت خبرة في مجموعة واسعة من إجراءات طب الأسنان العام ورعاية المرضى. ونظراً لاهتمامها الخاص بطب الأسنان التجميلي، واصلت تطوير مهاراتها بحصولها على دبلوم في طب الأسنان التجميلي من أكاديمية ماستري لطب الأسنان في دبي.	no
Dr. Ehab Hassouneh	د. إيهاب حسونة	no
Dr. Ehab Hassouneh · Silwadi Dental Center, Abu Dhabi	د. إيهاب حسونة · مركز سلوادي لطب الأسنان، أبوظبي	no
Dr. Ehab Hassouneh is a General Dentist providing care for adult and pediatric patients. He combines restorative and preventive dentistry with digital workflows and clear treatment planning, with a focus on helping patients understand their options at each stage of care.	Dr. Ehab Hassouneh is a General Dentist providing care for adult and pediatric patients. He combines restorative and preventive dentistry with digital workflows and clear treatment planning, with a focus on helping patients understand their options at each stage of care.	no
Dr. Ehab places emphasis on attentive communication and individualized treatment planning. His consultations focus on understanding the patient’s concerns, explaining findings clearly and supporting long-term oral health.	Dr. Ehab places emphasis on attentive communication and individualized treatment planning. His consultations focus on understanding the patient’s concerns, explaining findings clearly and supporting long-term oral health.	no
Dr. Fahed Abi Khalil	د. فهد أبي خليل	no
Dr. Fahed Abi Khalil · Silwadi Dental Center, Abu Dhabi	د. فهد أبي خليل · مركز سلوادي لطب الأسنان، أبوظبي	no
Dr. Fahed Abi Khalil is a specialist in periodontics. His public centre profile highlights periodontal care, implant dentistry and long-term continuing education.	الدكتور فهد أبي خليل اختصاصي في أمراض اللثة. ويسلط ملفه المنشور في المركز الضوء على رعاية اللثة وزراعة الأسنان والتعليم المستمر.	no
Dr. Fahed Khalil	د. فهد أبي خليل	no
Dr. Hani Hasbini	د. هاني حسبيني	no
Dr. Hani Hasbini · Silwadi Dental Center, Abu Dhabi	د. هاني حسبيني · مركز سلوادي لطب الأسنان، أبوظبي	no
Dr. Hani Hasbini is a consultant orthodontist with a long academic and clinical career spanning Lebanon, France and the UAE.	الدكتور هاني حسبيني استشاري تقويم أسنان، وله مسيرة أكاديمية وسريرية طويلة في لبنان وفرنسا والإمارات.	no
Dr. Kashmira emphasizes prevention, education and clear communication with both children and their families. Treatment is planned around the child’s clinical needs, age and level of cooperation.	Dr. Kashmira emphasizes prevention, education and clear communication with both children and their families. Treatment is planned around the child’s clinical needs, age and level of cooperation.	no
Dr. Kashmira Pawar Jayprakash	د. كاشميرا باوار جايبراكاش	no
Dr. Kashmira Pawar Jayprakash · Silwadi Dental Center, Abu Dhabi	د. كاشميرا باوار جايبراكاش · مركز سلوادي لطب الأسنان، أبوظبي	no
Dr. Kashmira Pawar Jayprakash is a Specialist Pediatric Dentist with over nine years of clinical experience. Her approach centres on prevention, early intervention and age-appropriate care, with particular attention to children who may feel anxious or require additional support during dental treatment.	Dr. Kashmira Pawar Jayprakash is a Specialist Pediatric Dentist with over nine years of clinical experience. Her approach centres on prevention, early intervention and age-appropriate care, with particular attention to children who may feel anxious or require additional support during dental treatment.	no
Dr. Kashmira Pawar Jayprakash, Specialist Pediatric Dentist	د. كاشميرا باوار جايبراكاش، اختصاصية طب أسنان الأطفال	yes
Dr. Krishnamurthy Balajee	د. كريشنامورثي بالاجي	no
Dr. Krishnamurthy Balajee · Silwadi Dental Center, Abu Dhabi	د. كريشنامورثي بالاجي · مركز سلوادي لطب الأسنان، أبوظبي	no
Dr. Krishnamurthy Balajee is a specialist orthodontist whose current public centre profile records 25 years of practice in the GCC and experience across braces, lingual orthodontics and clear aligners.	الدكتور كريشنامورثي بالاجي اختصاصي تقويم أسنان، ويسجل ملفه المنشور الحالي في المركز خبرة 25 عاماً في دول الخليج وتجربة في التقويم الثابت واللساني والصفافات الشفافة.	no
Dr. Lana Almasoud	د. لانا المسعود	yes
Dr. Lana Almasoud · Silwadi Dental Center, Abu Dhabi	Dr. Lana Almasoud · مركز سلوادي لطب الأسنان، أبوظبي	no
Dr. Lana Almasoud is a DOH-licensed Specialist Endodontist at Dr. Munir Silwadi Dental Centre. Her clinical work includes root canal treatment, complex retreatment, vital pulp therapy, endodontic microsurgery and dental trauma management, with a focus on preserving natural teeth where clinically appropriate.	Dr. Lana Almasoud is a DOH-licensed Specialist Endodontist at Dr. Munir Silwadi Dental Centre. Her clinical work includes root canal treatment, complex retreatment, vital pulp therapy, endodontic microsurgery and dental trauma management, with a focus on preserving natural teeth where clinically appropriate.	no
Dr. Moammar Mohamed Rifai	د. معمر محمد الرفاعي	no
Dr. Moammar Mohamed Rifai · Silwadi Dental Center, Abu Dhabi	د. معمر محمد الرفاعي · مركز سلوادي لطب الأسنان، أبوظبي	no
Dr. Moammar Mohamed Rifai is a specialist orthodontist whose public profile records clinical practice in Abu Dhabi since 2000 and work with Silwadi Dental Center since 2011.	الدكتور معمر محمد الرفاعي اختصاصي تقويم أسنان، ويسجل ملفه المنشور ممارسة سريرية في أبوظبي منذ عام 2000 وعمله مع مركز سلوادي لطب الأسنان منذ عام 2011.	no
Dr. Mohamed Munir Dental Centre - Al Raha Mall	Dr. Mohamed Munir Dental Centre - Al Raha Mall	no
Dr. Moheb Silwadi	د. مهيب سلوادي	no
Dr. Moheb Silwadi · Silwadi Dental Center, Abu Dhabi	د. مهيب سلوادي · مركز سلوادي لطب الأسنان، أبوظبي	no
Dr. Moheb Silwadi is a general dentist whose public centre profile highlights cosmetic, restorative and implant dentistry, with a strong interest in digital workflows.	الدكتور مهيب سلوادي طبيب أسنان عام، ويسلط ملفه المنشور في المركز الضوء على تجميل الأسنان والعلاج الترميمي وزراعة الأسنان، مع اهتمام واضح بالتقنيات الرقمية.	no
Dr. Munir Silwadi	د. منير سلوادي	no
Dr. Munir Silwadi · Silwadi Dental Center, Abu Dhabi	د. منير سلوادي · مركز سلوادي لطب الأسنان، أبوظبي	no
Dr. Munir Silwadi at Dr. Munir Silwadi Dental Centre	د. منير سلوادي في مركز د. منير سلوادي لطب الأسنان	yes
Dr. Munir Silwadi Dental Centre	مركز د. منير سلوادي لطب الأسنان	yes
Dr. Munir Silwadi Dental Centre exterior signage at Al Raha Mall in Abu Dhabi	الواجهة الخارجية لمركز د. منير سلوادي في الراحة مول بأبوظبي	yes
Dr. Munir Silwadi's clinical work includes implantology, full-mouth rehabilitation and CAD/CAM aesthetic dentistry. His professional profile also includes international lecturing and CEREC training.	يشمل عمل الدكتور منير سلوادي السريري زراعة الأسنان وإعادة تأهيل الفم بالكامل وطب الأسنان التجميلي بتقنيات CAD/CAM. ويتضمن ملفه المهني أيضاً محاضرات دولية وتدريباً على تقنية CEREC.	no
Dr. Nachiket communicates in English, Hindi, Gujarati and Marathi, with working Arabic. He emphasizes clear treatment education, careful surgical planning and patient comfort throughout periodontal and implant care.	Dr. Nachiket communicates in English, Hindi, Gujarati and Marathi, with working Arabic. He emphasizes clear treatment education, careful surgical planning and patient comfort throughout periodontal and implant care.	no
Dr. Nachiket Shah	د. ناشيكيت شاه	no
Dr. Nachiket Shah · Silwadi Dental Center, Abu Dhabi	د. ناشيكيت شاه · مركز سلوادي لطب الأسنان، أبوظبي	no
Dr. Nachiket Shah is a DOH-licensed Specialist Periodontist with implant privilege and more than 14 years of clinical experience across India and the UAE. His practice focuses on periodontal treatment, implant dentistry, tissue regeneration and selected oral surgical procedures.	Dr. Nachiket Shah is a DOH-licensed Specialist Periodontist with implant privilege and more than 14 years of clinical experience across India and the UAE. His practice focuses on periodontal treatment, implant dentistry, tissue regeneration and selected oral surgical procedures.	no
Dr. Nasr Keshkiea	د. نصر كشكية	no
Dr. Nasr Keshkiea · Silwadi Dental Center, Abu Dhabi	د. نصر كشكية · مركز سلوادي لطب الأسنان، أبوظبي	no
Dr. Nasr Keshkiea is a DOH-licensed General Dentist with over eight years of clinical experience across restorative, prosthodontic, endodontic and aesthetic dentistry. His postgraduate training in removable prosthodontics supports a strong interest in functional rehabilitation and restorative treatment planning.	Dr. Nasr Keshkiea is a DOH-licensed General Dentist with over eight years of clinical experience across restorative, prosthodontic, endodontic and aesthetic dentistry. His postgraduate training in removable prosthodontics supports a strong interest in functional rehabilitation and restorative treatment planning.	no
Dr. Nasr speaks Arabic and English. He focuses on clear communication, individualized treatment planning and coordinating restorative care around each patient’s functional and aesthetic needs.	Dr. Nasr speaks Arabic and English. He focuses on clear communication, individualized treatment planning and coordinating restorative care around each patient’s functional and aesthetic needs.	no
Dr. Sara Ismail	د. سارة إسماعيل	no
Dr. Sara Ismail · Silwadi Dental Center, Abu Dhabi	د. سارة إسماعيل · مركز سلوادي لطب الأسنان، أبوظبي	no
Dr. Sara Ismail is a General Dentist with four years of clinical experience and additional training in aesthetic and endodontic dentistry. Her clinical interests include restorative and aesthetic care, root canal treatment, pediatric dentistry and preventive treatment.	Dr. Sara Ismail is a General Dentist with four years of clinical experience and additional training in aesthetic and endodontic dentistry. Her clinical interests include restorative and aesthetic care, root canal treatment, pediatric dentistry and preventive treatment.	no
Dr. Sara speaks Arabic and English. She places emphasis on clear communication, patient comfort and treatment plans tailored to the clinical needs of adults and children.	Dr. Sara speaks Arabic and English. She places emphasis on clear communication, patient comfort and treatment plans tailored to the clinical needs of adults and children.	no
Dr. Silwadi's published centre profile highlights immediate implants, All-on-4 / All-on-6 concepts, computer-guided implant treatment, full-mouth rehabilitation, CAD/CAM veneers and crowns, and digital smile design. Suitability for any treatment is determined after clinical assessment.	يبرز ملف الدكتور سلوادي المنشور في المركز الزراعة الفورية ومفاهيم All-on-4 وAll-on-6 وعلاج الزراعة الموجّه بالحاسوب وإعادة تأهيل الفم بالكامل وقشور وتيجان CAD/CAM وتصميم الابتسامة الرقمي. وتُحدد ملاءمة أي علاج بعد التقييم السريري.	no
Early guidance	Early guidance	no
EC	EC	no
Education & professional background	الخلفية الأكاديمية والمهنية	no
Email	البريد الإلكتروني	no
Email a Request	أرسل طلباً بالبريد الإلكتروني	no
Email the centre	راسل المركز	no
Emergency dental assessment is available during clinic hours. Call the centre for urgent scheduling or review our emergency guidance.	يتوفر تقييم الأسنان العاجل خلال ساعات العمل. اتصل بالمركز لتحديد موعد عاجل أو اطّلع على إرشادات الحالات الطارئة.	no
Emergency dental care →	رعاية الأسنان العاجلة	yes
Emergency Dentist	طبيب أسنان للحالات الطارئة	no
Emergency Dentist in	رعاية الأسنان العاجلة في	yes
Emily Campbell Scully	Emily Campbell Scully	no
Endodontic & pediatric care	Endodontic & pediatric care	no
Endodontic care	Endodontic care	no
Endodontic care, clearly explained.	علاج جذور الأسنان بشرح واضح.	yes
Endodontic diagnosis and root canal care.	تشخيص حالات جذور الأسنان وعلاج قنوات الجذر.	no
Endodontic diagnosis and treatment planning	تشخيص وتخطيط علاجي متخصص لقنوات الجذر	yes
Endodontic Microsurgery	الجراحة المجهرية لعلاج الجذور	yes
Endodontic root canal treatment using a rubber dam and rotary file	Endodontic root canal treatment using a rubber dam and rotary file	no
Endodontics	علاج جذور الأسنان	yes
Endodontics dental care at Silwadi Dental Center Abu Dhabi	رعاية علاج جذور الأسنان في مركز سلوادي بأبوظبي	yes
Endodontics focuses on the dental pulp and tissues around the roots. Root canal treatment may be recommended when the pulp becomes inflamed, infected or injured and the tooth is suitable for treatment.	يختص علاج جذور الأسنان بلب السن والأنسجة المحيطة بالجذور. قد يُنصح بعلاج قناة الجذر عند التهاب اللب أو إصابته بالعدوى أو الضرر، إذا كان السن مناسباً للعلاج.	yes
Established dental care in Abu Dhabi since 1980.	رعاية أسنان راسخة في أبوظبي منذ عام 1980.	no
Esthetic Dentistry	طب الأسنان التجميلي	no
Evidence-led options to improve appearance and protect oral health.	خيارات تستند إلى التقييم لتحسين المظهر وحماية صحة الفم.	no
Examinations and early support for healthier teeth and gums.	فحوصات ودعم مبكر لأسنان ولثة أكثر صحة.	no
Examinations, hygiene guidance and early support for healthy gums.	فحوصات وإرشادات للعناية اليومية ودعم مبكر لصحة اللثة.	no
Examinations, preventive care, fluoride, sealants, restorations and pediatric crowns based on clinical need.	Examinations, preventive care, fluoride, sealants, restorations and pediatric crowns based on clinical need.	no
Examinations, preventive care, simple extractions and assessment of urgent dental concerns.	Examinations, preventive care, simple extractions and assessment of urgent dental concerns.	no
Examine	الفحص	yes
Excellence for Every Ability, A Smile for Every Soul.	Excellence for Every Ability, A Smile for Every Soul.	no
Explain	اشرح	no
Explore Dental Implants	استكشف زراعة الأسنان	no
Explore our dentists and specialists, or contact reception to talk through your next step.	تعرّف إلى أطبائنا واختصاصيينا، أو تواصل مع الاستقبال لمناقشة خطوتك التالية.	no
Explore Services	استكشف الخدمات	yes
Explore Silwadi Dental Center’s dental service areas, or contact us if you are not sure where to start.	استكشف مجالات رعاية الأسنان في مركز سلوادي، أو تواصل معنا إذا لم تعرف من أين تبدأ.	no
F14 & F15, Level 1, Al Raha Mall	F14 & F15, Level 1, Al Raha Mall	no
F14 & F15, Level 1, Al Raha Mall, Abu Dhabi, UAE	F14 وF15، الطابق الأول، الراحة مول، أبوظبي، الإمارات العربية المتحدة	no
F14 & F15, Level 1, Al Raha Mall, Abu Dhabi, UAE.	F14 وF15، الطابق الأول، الراحة مول، أبوظبي، الإمارات العربية المتحدة.	no
F14 & F15, Level 1, Al Raha Mall, Abu Dhabi.	F14 وF15، الطابق الأول، الراحة مول، أبوظبي.	no
F14 & F15, Level 1, Al Raha Mall, Channel St, Al Rahah, Abu Dhabi, UAE.	F14 وF15، الطابق الأول، الراحة مول، شارع تشانل، الراحة، أبوظبي، الإمارات العربية المتحدة.	no
Family care	رعاية لجميع أفراد الأسرة	no
FAQ	الأسئلة الشائعة	yes
Feel good about your daily care.	اجعل عنايتك اليومية أبسط.	no
Fellow, Academy of Dentistry International	زميل الأكاديمية الدولية لطب الأسنان	no
Fellow, International College of Dentists	زميل الكلية الدولية لأطباء الأسنان	no
Fellow, Pierre Fauchard Academy	زميل أكاديمية بيير فوشار	no
Fillings and routine restorative care	حشوات ورعاية ترميمية دورية	no
Fillings, pediatric crowns and pulp therapy such as pulpotomy or pulpectomy when clinically indicated.	حشوات وتيجان للأطفال وعلاج لب الأسنان مثل بتر اللب أو استئصاله عندما تكون هناك حاجة سريرية.	yes
Filter doctors by specialty	تصفية الأطباء حسب التخصص	no
Find a Doctor	ابحث عن طبيب	yes
Find a general dentist	ابحث عن طبيب أسنان عام	no
Find the right care	اعثر على الرعاية المناسبة	no
Findings are explained in plain language and suitable treatment, prevention or follow-up is discussed with the parent or caregiver.	تُشرح النتائج بلغة واضحة وتُناقش خطة العلاج أو الوقاية أو المتابعة المناسبة مع الوالد أو مقدم الرعاية.	yes
Fixed braces	تقويم ثابت	no
Fixed orthodontic options for children, teenagers and adults are included in his current profile.	تشمل خبرته الحالية خيارات التقويم الثابت للأطفال واليافعين والكبار.	no
Focused on retaining natural teeth when appropriate	التركيز على إبقاء الأسنان الطبيعية متى كان ذلك مناسباً	yes
Follow Silwadi Dental Center on Instagram	تابع مركز سلوادي لطب الأسنان على إنستغرام	yes
For growing smiles	للأطفال واليافعين	yes
For more than four decades, Silwadi Dental Center has focused on patient-centred care, personalized treatment, comfort, patient education and open communication.	على مدى أكثر من أربعة عقود، ركّز مركز سلوادي لطب الأسنان على رعاية تضع احتياجات المريض أولاً، مع علاج مخصص واهتمام بالراحة والتوعية والتواصل الواضح.	yes
For routine dental concerns, check-ups or a problem you are not sure how to classify, a general dentist is usually the best place to start.	للفحوصات الدورية أو مشكلات الأسنان الشائعة أو عندما لا تعرف التخصص المناسب، يكون طبيب الأسنان العام أفضل نقطة للبدء.	yes
Former clinical supervisor in removable prosthodontics at Hama University and Damascus University	Former clinical supervisor in removable prosthodontics at Hama University and Damascus University	no
Four areas of children's dental care.	أربعة مجالات أساسية في رعاية أسنان الأطفال.	yes
Four common questions parents ask about children's dental care.	أربعة أسئلة شائعة يطرحها الوالدان عن رعاية أسنان الأطفال.	yes
Frequently asked questions	الأسئلة الشائعة	no
Friday: Closed	الجمعة: مغلق	no
From preventive visits to specialist treatment, Silwadi Dental Center brings general dentists and specialists together across a broad range of dental care.	من الزيارات الوقائية إلى العلاج التخصصي، يجمع مركز سلوادي لطب الأسنان أطباء عامين واختصاصيين لتقديم مجالات متنوعة من رعاية الأسنان.	no
From routine check-ups to specialist dental care, our Abu Dhabi team is here to help you find the right treatment with clarity and confidence.	من الفحوصات الدورية إلى الرعاية التخصصية، يساعدك فريقنا في أبوظبي على اختيار العلاج المناسب بوضوح وثقة.	yes
Full name	الاسم الكامل	no
Full-mouth rehabilitation	إعادة تأهيل الفم بالكامل	no
Further implant dentistry training in USA/UAE, 2022	تدريب إضافي في زراعة الأسنان في الولايات المتحدة والإمارات، 2022	yes
General & emergency care	General & emergency care	no
General and specialist dental care across ten established service areas.	رعاية أسنان عامة وتخصصية ضمن عشرة مجالات واضحة.	no
General dental care	رعاية أسنان عامة	no
General dental care and patient-centred treatment planning.	رعاية الأسنان العامة وتخطيط علاجي يتمحور حول المريض.	no
General dental care and treatment planning.	رعاية الأسنان العامة وتخطيط العلاج.	no
General Dentist	طبيب أسنان عام	yes
General Dentist · aesthetic & restorative interests	طبيب أسنان عام · اهتمامات تجميلية وترميمية	no
General Dentist · cosmetic & digital dentistry	طبيب أسنان عام · تجميل الأسنان وطب الأسنان الرقمي	no
General Dentist · cosmetic & restorative interests	طبيب أسنان عام · اهتمامات تجميلية وترميمية	no
General Dentist · implant dentistry interest	طبيب أسنان عام · اهتمام بزراعة الأسنان	no
General dentistry	طب الأسنان العام	no
General Dentistry	طب الأسنان العام	yes
General dentistry covers routine examination, diagnosis, preventive care and common restorative needs. It is often the right starting point when you have a concern but do not yet know whether specialist care is needed.	يشمل طب الأسنان العام الفحص الدوري والتشخيص والوقاية والاحتياجات الترميمية الشائعة. وغالباً ما يكون نقطة البداية المناسبة عندما تكون لديك مشكلة ولا تعرف بعد إن كنت تحتاج إلى رعاية تخصصية.	no
General Dentistry in	طب الأسنان العام في	yes
General dentistry with interests in restorative and aesthetic care, endodontics, pediatric dentistry and prevention.	General dentistry with interests in restorative and aesthetic care, endodontics, pediatric dentistry and prevention.	no
General dentistry with interests in restorative care, prosthodontic rehabilitation, endodontics and aesthetic treatment.	General dentistry with interests in restorative care, prosthodontic rehabilitation, endodontics and aesthetic treatment.	no
General dentistry with interests in restorative, digital, pediatric and preventive dental care.	General dentistry with interests in restorative, digital, pediatric and preventive dental care.	no
General dentists and specialists care for families across two locations.	يقدم أطباؤنا العامون والاختصاصيون الرعاية للعائلات في فرعين.	yes
Gentle visits, prevention and restorative care for children.	زيارات هادئة ورعاية وقائية وترميمية للأطفال.	no
Gentle, practical care for children and treatment for tooth pain.	رعاية هادئة وعملية للأطفال وعلاج لألم الأسنان.	no
Get Directions	الاتجاهات	yes
Google	Google	no
Google review	تقييم على Google	no
Google reviews	تقييمات Google	no
Gum & supporting tissue care	رعاية اللثة والأنسجة الداعمة	yes
Gum health	صحة اللثة	no
help you?	مساعدتك؟	no
Her endodontic practice includes the use of dental microscopes and Cone Beam Computed Tomography (CBCT) for selected cases. Dr. Lana speaks Arabic and English and emphasizes clear communication, careful treatment planning and patient comfort throughout care.	Her endodontic practice includes the use of dental microscopes and Cone Beam Computed Tomography (CBCT) for selected cases. Dr. Lana speaks Arabic and English and emphasizes clear communication, careful treatment planning and patient comfort throughout care.	no
Her profile also references full-mouth rehabilitation and dental prostheses.	ويشير ملفها أيضاً إلى إعادة تأهيل الفم بالكامل وتركيبات الأسنان.	no
Her public profile notes experience with CAD/CAM dental workflows.	يذكر ملفها المنشور خبرتها في سير عمل طب الأسنان بتقنيات CAD/CAM.	no
Highlighted a friendly, knowledgeable check-up and cleaning with Dr. Lujain, along with helpful reception staff.	أشاد بفحص وتنظيف ودّي ومتميز مع الدكتورة لجين، وبفريق استقبال متعاون.	no
His centre profile also records professional memberships across Lebanese, French, Arab, European and international orthodontic organisations.	يسجل ملفه في المركز أيضاً عضوياته المهنية في منظمات تقويم الأسنان اللبنانية والفرنسية والعربية والأوروبية والدولية.	no
His centre profile describes work across preventive, interceptive, teen and adult orthodontics using contemporary fixed and aligner systems.	يصف ملفه في المركز خبرته في تقويم الأسنان الوقائي والاعتراضي وتقويم اليافعين والكبار باستخدام أنظمة التقويم والصفافات الحديثة.	no
His current centre profile emphasizes patient education, conservative treatment planning and the use of diagnostic imaging to support endodontic care.	يركز ملفه الحالي في المركز على تثقيف المريض والتخطيط المحافظ للعلاج واستخدام التصوير التشخيصي لدعم علاج الجذور.	no
His current public profile also lists certificates in cosmetic and computer-aided dentistry.	يسجل ملفه المنشور الحالي أيضاً شهادات في تجميل الأسنان وطب الأسنان بمساعدة الحاسوب.	no
His profile also records teaching at Beirut Arab University and lecturing at the Lebanese Dental Association congress.	يسجل ملفه أيضاً التدريس في جامعة بيروت العربية وإلقاء المحاضرات في مؤتمر نقابة أطباء الأسنان اللبنانية.	no
His public profile also records membership of the American Academy of Periodontology and Lebanese periodontal organisations.	يسجل ملفه المنشور أيضاً عضويته في الأكاديمية الأمريكية لأمراض اللثة ومنظمات أمراض اللثة اللبنانية.	no
His public profile lists straight-wire, self-ligating and orthopaedic appliances among the techniques he uses.	يذكر ملفه المنشور أجهزة السلك المستقيم والربط الذاتي والأجهزة التقويمية العظمية ضمن التقنيات التي يستخدمها.	no
His public profile records longstanding experience with lingual braces.	يسجل ملفه المنشور خبرة طويلة في التقويم اللساني.	no
His public profile records longstanding university teaching and postgraduate orthodontic involvement.	يسجل ملفه المنشور خبرة طويلة في التدريس الجامعي والمشاركة في برامج تقويم الأسنان للدراسات العليا.	no
His public profile references digital radiography and 3D imaging as part of endodontic assessment.	يذكر ملفه المنشور التصوير الشعاعي الرقمي والتصوير ثلاثي الأبعاد ضمن تقييم علاج الجذور.	no
Hollywood Smile & professional whitening	Hollywood Smile & professional whitening	no
Home	الرئيسية	no
Hot or cold sensitivity	حساسية للحرارة أو البرودة	yes
How can we	كيف يمكننا	no
How do I know which implant restoration I need?	كيف أعرف نوع التركيبة المناسبة للزراعة؟	no
How often should I have a dental check-up?	كم مرة ينبغي أن أجري فحصاً للأسنان؟	no
I agree that Silwadi may use these details to reply to my appointment enquiry.	أوافق على أن يستخدم مركز سلوادي هذه البيانات للرد على استفساري عن الموعد.	yes
If you already know the doctor or treatment you are enquiring about, include that when you contact us. If you are unsure, tell reception what you need help with and they can guide your enquiry to the appropriate clinician.	إذا كنت تعرف الطبيب أو العلاج المطلوب، اذكره عند التواصل معنا. وإذا لم تكن متأكداً، أخبر الاستقبال بما تحتاج إليه وسيوجهك الفريق إلى الطبيب المناسب.	yes
Immediate implant and computer-guided implant workflows in selected cases.	زراعة فورية وسير عمل موجّه بالحاسوب في حالات مختارة.	no
Implant care can involve restorative and periodontal input depending on the case. These public clinician profiles list implant dentistry among their clinical interests.	قد تتطلب رعاية الزراعة مشاركة اختصاصي التركيبات أو اللثة بحسب الحالة. وتذكر هذه الملفات التعريفية المنشورة زراعة الأسنان ضمن الاهتمامات السريرية لأصحابها.	no
Implant care, planned around the restoration.	رعاية زراعة الأسنان بخطة تراعي التركيبة النهائية.	yes
Implant dentistry	زراعة الأسنان	no
Implant dentistry interest	اهتمام بزراعة الأسنان	no
Implant dentistry is listed as a particular clinical interest in his public profile.	ترد زراعة الأسنان ضمن اهتماماته السريرية الخاصة في ملفه المنشور.	no
Implant planning and replacement teeth for suitable patients.	تخطيط زراعة الأسنان وتعويض الأسنان للحالات المناسبة.	yes
Implant position, restoration and treatment sequence are reviewed.	تُراجع موضع الزراعة والتركيبة وتسلسل العلاج.	no
Implant treatment is not the same for everyone. The dentist reviews oral health, available bone, gum condition and restorative needs before recommending an approach. Some patients may need another treatment first, or may be better suited to a different restorative option.	لا يناسب علاج الزراعة الجميع بالطريقة نفسها. يراجع طبيب الأسنان صحة الفم والعظم المتاح وحالة اللثة والاحتياجات الترميمية قبل التوصية بالنهج المناسب. وقد يحتاج بعض المرضى إلى علاج آخر أولاً أو إلى خيار ترميمي مختلف.	no
Implantology	زراعة الأسنان	no
Implantology, full-mouth rehabilitation and CAD/CAM aesthetic dentistry.	زراعة الأسنان وإعادة تأهيل الفم الكامل وطب الأسنان التجميلي بتقنيات CAD/CAM.	no
Improving smile appearance through natural-looking, minimally invasive treatments.	تحسين مظهر الابتسامة بعلاجات طبيعية المظهر وقليلة التدخل.	no
info@silwadidentalcentres.ae	info@silwadidentalcentres.ae	no
Inside the centre	Inside the centre	no
Instagram	إنستغرام	no
Insurance	التأمين	no
Insurance accepted	تحقّق من التغطية التأمينية	no
Insurance enquiries	استفسارات التأمين	no
Insurance Enquiry	استفسار عن التأمين	no
Is everyone suitable for dental implants?	هل يناسب علاج زراعة الأسنان الجميع؟	no
KP	KP	no
Languages & approach	Languages & approach	no
Laser Dentistry	طب الأسنان بالليزر	yes
Laser Dentistry dental care at Silwadi Dental Center Abu Dhabi	رعاية طب الأسنان بالليزر في مركز سلوادي بأبوظبي	yes
Laser-assisted & oral surgical care	Laser-assisted & oral surgical care	no
Laser-assisted procedures	إجراءات بمساعدة الليزر	yes
Laser-assisted techniques for selected procedures when suitable.	تقنيات بمساعدة الليزر لإجراءات مختارة عند ملاءمتها.	no
Learn about Dr. Munir Silwadi	تعرّف إلى د. منير سلوادي	yes
Learn about Silwadi Dental Centre since 1980	Learn about Silwadi Dental Centre since 1980	no
Learn More about Cosmetic Dentistry & Teeth Whitening	تعرّف إلى تجميل الأسنان وتبييضها	no
Learn more about Endodontics	تعرّف إلى علاج الجذور	no
Learn More about Endodontics	تعرّف إلى علاج الجذور	no
Learn More about Implantology	تعرّف إلى زراعة الأسنان	no
Learn more about Laser Dentistry	تعرّف إلى طب الأسنان بالليزر	no
Learn More about Laser Dentistry	تعرّف إلى طب الأسنان بالليزر	no
Learn more about Orthodontics	تعرّف إلى تقويم الأسنان	no
Learn More about Orthodontics	تعرّف إلى تقويم الأسنان	no
Learn more about Pedodontics	تعرّف إلى طب أسنان الأطفال	no
Learn More about Pedodontics	تعرّف إلى طب أسنان الأطفال	no
Learn more about Periodontics	تعرّف إلى علاج اللثة	no
Learn More about Periodontics	تعرّف إلى علاج اللثة	no
Learn more about Preventive Dentistry	تعرّف إلى طب الأسنان الوقائي	no
Learn More about Preventive Dentistry	تعرّف إلى طب الأسنان الوقائي	no
Learn More about Prosthodontics	تعرّف إلى تركيبات الأسنان	no
Learn more about the centre	اعرف المزيد عن المركز	no
Lingual braces	تقويم لساني	no
Local anaesthesia is used and the root canal system is accessed when treatment is indicated.	يُستخدم التخدير الموضعي ويتم الوصول إلى قنوات الجذر عندما يكون العلاج مطلوباً.	yes
Location	الموقع	no
Location & directions	الموقع والاتجاهات	no
Location & directions →	الموقع والاتجاهات	yes
Location details	تفاصيل الموقع	no
Locations	الفروع	no
Look after your foundations.	اعتنِ بالأساس الذي يحمي ابتسامتك.	no
Maintenance	المتابعة والمحافظة	no
Management of selected persistent endodontic conditions, including retreatment, apicoectomy and retrieval of separated instruments.	Management of selected persistent endodontic conditions, including retreatment, apicoectomy and retrieval of separated instruments.	no
Map showing Dr. Munir Silwadi Dental Centre at Al Raha Mall, Abu Dhabi	خريطة توضح موقع مركز الدكتور منير سلوادي لطب الأسنان في الراحة مول بأبوظبي	no
Map showing Dr. Munir Silwadi Dental Centre at Bani Yas Tower, Abu Dhabi	خريطة توضح موقع مركز الدكتور منير سلوادي لطب الأسنان في برج بني ياس بأبوظبي	no
Master of Science in Removable Prosthodontics, Hama University, 2022	Master of Science in Removable Prosthodontics, Hama University, 2022	no
Master’s Degree in Endodontics, Gulf Medical University; Dean’s List	Master’s Degree in Endodontics, Gulf Medical University; Dean’s List	no
Master’s in periodontology, 2006	ماجستير في أمراض اللثة، 2006	yes
MDS in Pediatric Dentistry, RGUHS	MDS in Pediatric Dentistry, RGUHS	no
MDS in Periodontology and Implantology, 2009	MDS in Periodontology and Implantology, 2009	no
Medical team	الفريق الطبي	no
Meet Dr. Kashmira	تعرّف إلى د. كاشميرا	yes
Meet Dr. Munir	تعرّف إلى د. منير	no
Meet our doctors	تعرّف إلى أطبائنا	no
Meet Our Endodontists	تعرّف إلى اختصاصيي علاج الجذور	yes
Meet some of our dentists and specialists, or browse the full team by specialty.	تعرّف إلى عدد من أطبائنا واختصاصيينا، أو تصفّح الفريق كاملاً حسب التخصص.	no
Meet the full medical team	تعرّف إلى الفريق الطبي	yes
Meet the medical team	تعرّف إلى الفريق الطبي	yes
Meet the specialists.	تعرّف إلى الاختصاصيين.	yes
Meet the team	تعرّف إلى الفريق	yes
Message us on WhatsApp	راسلنا عبر واتساب	yes
Microscope-assisted root canal treatment	Microscope-assisted root canal treatment	no
Minimally invasive approach	نهج قليل التدخل	no
Missing a tooth or several teeth? Implant treatment starts with an assessment of your oral health, bone, bite and the restoration you may need.	هل فقدت سناً أو عدة أسنان؟ يبدأ علاج الزراعة بتقييم صحة فمك والعظم والإطباق والتركيبة المناسبة لك.	no
Mobile	رقم الهاتف المحمول	no
Mobile navigation	القائمة المتنقلة	no
MSc in Quality and Safety in Healthcare Management, Royal College of Surgeons in Ireland	MSc in Quality and Safety in Healthcare Management, Royal College of Surgeons in Ireland	no
Name or specialty	الاسم أو التخصص	yes
Need a little help?	هل تحتاج إلى مساعدة؟	yes
Need guidance?	هل تحتاج إلى مساعدة؟	yes
Need urgent dental care?	هل تحتاج إلى رعاية أسنان عاجلة؟	no
New symptoms or persistent disease in a previously treated tooth.	أعراض جديدة أو مشكلة مستمرة في سن سبق علاجه.	yes
Next clinic photo	الصورة التالية للعيادة	yes
Next step	الخطوة التالية	yes
Nitrous oxide conscious sedation · PALS · BLS	التهدئة الواعية بأكسيد النيتروز · PALS · BLS	yes
No doctors match your current search. Try a different name or specialty.	لا توجد نتائج مطابقة. جرّب اسماً أو تخصصاً آخر.	yes
No long process. We understand the concern, examine what is needed, then explain the next step clearly.	نبدأ بفهم المشكلة، ثم نفحص ما يلزم ونشرح الخطوة التالية بوضوح دون تعقيد.	yes
No. Depending on the case, options may include fixed braces or clear aligners. A specialist assessment determines what is appropriate.	لا. قد تشمل الخيارات، بحسب الحالة، التقويم الثابت أو الصفافات الشفافة. ويحدد تقييم الاختصاصي ما يناسبك.	no
No. Digital or guided workflows may be used when they are clinically useful for the individual case.	لا. قد تُستخدم التقنيات الرقمية أو الموجّهة عندما تكون مفيدة سريرياً للحالة الفردية.	no
No. Suitability depends on oral health, bone, gum condition, medical factors and the planned restoration.	لا. تعتمد الملاءمة على صحة الفم والعظم وحالة اللثة والعوامل الطبية والتركيبة المخطط لها.	no
No. The dentist needs to assess the cause before recommending treatment.	لا. يحتاج طبيب الأسنان إلى تقييم السبب قبل التوصية بالعلاج.	no
No. Veneers are one option. Whitening, restorative treatment or no treatment may be more appropriate depending on the teeth and your goals.	لا. القشور خيار واحد فقط. وقد يكون التبييض أو العلاج الترميمي أو عدم التدخل أنسب، بحسب حالة الأسنان وأهدافك.	no
Not sure which dentist to choose?	لست متأكداً من الطبيب المناسب؟	yes
Not sure which dentist you need?	لست متأكداً من الطبيب المناسب؟	yes
Not sure which service fits? Begin with the reason you are visiting and follow the link that feels closest. Your dentist will confirm the right next step.	لست متأكداً من الخدمة المناسبة؟ ابدأ بسبب زيارتك، وسيساعدك طبيب الأسنان في تحديد الخطوة التالية.	no
Not sure which service you need?	لست متأكداً من الخدمة المناسبة؟	yes
Not sure which treatment applies?	لست متأكداً من العلاج المناسب؟	no
Not sure who to book?	لا تعرف مع أي طبيب تحجز؟	yes
Notes / other queries	ملاحظات / استفسارات أخرى	no
Now open	مفتوح الآن	yes
NS	NS	no
On this page	في هذه الصفحة	yes
One centre, clear next steps	مركز واحد وخطوات واضحة	no
One connected clinical team	فريق طبي متكامل بخبرة راسخة	no
One established clinical team.	فريق طبي متكامل.	yes
One team. Multiple specialties.	فريق واحد بتخصصات متعددة.	yes
Ongoing periodontal review and prevention are part of specialist gum care.	تشكل المراجعة الدورية للثة والوقاية جزءاً من رعاية اللثة التخصصية.	no
Open in Google Maps →	فتح الموقع في خرائط Google	yes
Open navigation	فتح القائمة	yes
Open patient review	فتح تقييم المريض	no
Open WhatsApp →	افتح واتساب	yes
Opening hours	ساعات العمل	no
Oral Hygiene	نظافة الفم	no
Orthodontic assessment	تقييم تقويم الأسنان	no
Orthodontic care	رعاية تقويم الأسنان	no
Orthodontic care and treatment planning.	رعاية تقويم الأسنان وتخطيط العلاج.	no
Orthodontic care focuses on tooth alignment and the way the upper and lower teeth meet. A specialist assessment helps determine whether treatment is needed and which approach fits the case.	تركز رعاية تقويم الأسنان على اصطفاف الأسنان وطريقة التقاء الأسنان العلوية والسفلية. ويساعد تقييم الاختصاصي في تحديد الحاجة إلى العلاج والنهج المناسب للحالة.	no
Orthodontic care for alignment and bite correction.	رعاية تقويمية لتصحيح اصطفاف الأسنان والإطباق.	no
Orthodontic Diploma (D.U.O), University Victor Segalen Bordeaux II, France, 1997	دبلوم في تقويم الأسنان (D.U.O)، جامعة فيكتور سيغالين بوردو الثانية، فرنسا، 1997	yes
Orthodontic treatment planning across different ages and case types.	تخطيط علاج تقويم الأسنان لمختلف الأعمار والحالات.	no
Orthodontics	تقويم الأسنان	yes
Orthodontics & Braces	تقويم الأسنان والتقويم الثابت	no
Orthodontics dental care at Silwadi Dental Center Abu Dhabi	رعاية تقويم الأسنان في مركز سلوادي بأبوظبي	yes
Orthodontics in	تقويم الأسنان في	yes
Other / Not sure	أخرى / لست متأكداً	no
Our doctors	أطباؤنا	yes
Our endodontists	اختصاصيو علاج الجذور لدينا	yes
Our general dentists provide assessment, preventive and restorative care, with specialist referral available within the team when needed.	يقدم أطباء الأسنان العامون لدينا التقييم والرعاية الوقائية والترميمية، مع إمكانية الإحالة إلى اختصاصي ضمن الفريق عند الحاجة.	no
Our locations	فروعنا	yes
Our orthodontic team	فريق تقويم الأسنان	no
Our reception team can help direct your enquiry to the appropriate dentist or specialist.	يساعدك فريق الاستقبال في توجيه استفسارك إلى الطبيب أو الاختصاصي المناسب.	yes
Our services	خدماتنا	no
Our story	قصتنا	no
Our team	فريقنا	yes
Paediatric Dentistry	طب أسنان الأطفال	no
Pain after a previous root canal	ألم بعد علاج جذور سابق	yes
Parent questions	أسئلة الوالدين	yes
Paris postgraduate training	تدريب دراسات عليا في باريس	no
Parking	مواقف السيارات	no
Patient contact	التواصل مع المرضى	no
Patient review	تقييم المريض	no
Patient review excerpts	مقتطفات من تقييمات المرضى	no
Patient shortcuts	اختصارات المرضى	no
Patient waiting area at Silwadi Dental Centre, Bani Yas Tower	Patient waiting area at Silwadi Dental Centre, Bani Yas Tower	no
Pediatric care can use age-appropriate communication and behavior guidance. Nitrous oxide conscious sedation may also be considered when clinically appropriate after assessment.	يمكن استخدام التواصل المناسب للعمر وأساليب التوجيه السلوكي. وقد تُدرس التهدئة الواعية بأكسيد النيتروز عندما تكون مناسبة سريرياً بعد التقييم.	yes
Pediatric clinic character and dental equipment at Al Raha Mall	Pediatric clinic character and dental equipment at Al Raha Mall	no
Pediatric clinic photo gallery	معرض صور عيادة أسنان الأطفال	yes
Pediatric clinic photos	صور عيادة أسنان الأطفال	yes
Pediatric dental chair and child-focused clinic environment at Al Raha Mall	كرسي أسنان وبيئة عيادة مهيأة للأطفال في الراحة مول	yes
Pediatric dental treatment room at Silwadi Dental Center, Al Raha Mall	غرفة علاج أسنان الأطفال في مركز سلوادي لطب الأسنان بالراحة مول	yes
Pediatric dentistry	طب أسنان الأطفال	no
Pediatric Dentistry	طب أسنان الأطفال	yes
Pediatric dentistry focused on prevention, restorative care, pulp therapy and age-appropriate support for children.	Pediatric dentistry focused on prevention, restorative care, pulp therapy and age-appropriate support for children.	no
Pediatric Dentistry in	طب أسنان الأطفال في	yes
Pedodontics	طب أسنان الأطفال	yes
Pedodontics dental care at Silwadi Dental Center Abu Dhabi	رعاية أسنان الأطفال في مركز سلوادي بأبوظبي	yes
Periodontal care	رعاية اللثة	no
Periodontal care, gum health and implantology.	رعاية اللثة والمحافظة على صحتها وزراعة الأسنان.	no
Periodontal treatment	Periodontal treatment	no
Periodontics	أمراض اللثة	yes
Periodontics dental care at Silwadi Dental Center Abu Dhabi	رعاية أمراض اللثة في مركز سلوادي بأبوظبي	yes
Persistent or worsening pain, especially when biting or chewing.	ألم مستمر أو متزايد، خصوصاً عند العض أو المضغ.	yes
Philosophy of Care	فلسفة الرعاية	no
Phone	الهاتف	no
Plan	التخطيط	yes
Planning and placement of dental implants to replace missing teeth and support crowns, bridges or dentures, with treatment tailored to oral health and restorative needs.	Planning and placement of dental implants to replace missing teeth and support crowns, bridges or dentures, with treatment tailored to oral health and restorative needs.	no
Planning your treatment	تخطيط العلاج	no
Plans for missing, damaged or heavily worn teeth.	خطط علاج للأسنان المفقودة أو المتضررة أو شديدة التآكل.	yes
Please choose	يرجى الاختيار	no
Possible treatment options	خيارات العلاج الممكنة	no
Postgraduate implant dentistry studies in Freiburg, Germany, 2010	دراسات عليا في زراعة الأسنان، فرايبورغ، ألمانيا، 2010	yes
Postgraduate periodontology programme, Lebanese University	برنامج دراسات عليا في أمراض اللثة، الجامعة اللبنانية	yes
Praised Dr. Krishna’s professionalism and experience, and described Invisalign treatment as smooth and comfortable.	أشاد باحترافية الدكتور كريشنا وخبرته، ووصف علاج إنفزلاين بأنه سلس ومريح.	no
Praised the professional work and friendly staff, with a special mention for Aliyah.	أشاد بالعمل الاحترافي وفريق العمل الودود، وخصّ عليّة بالذكر.	no
Preferred appointment date	التاريخ المفضل للموعد	no
Preferred appointment time	الوقت المفضل للموعد	no
Preferred clinic	العيادة المفضلة	no
Preserving the natural tooth is an important aim of endodontic care when the tooth is suitable for treatment and can be restored appropriately.	الحفاظ على السن الطبيعي هدف مهم في علاج الجذور عندما يكون السن مناسباً للعلاج ويمكن ترميمه بصورة مناسبة.	yes
Prevention & growing teeth	الوقاية ونمو الأسنان	yes
Prevention and hygiene	الوقاية والعناية اليومية	no
Prevention, diagnosis and general restorative treatment.	الوقاية والتشخيص والعلاج الترميمي العام.	no
Preventive & emergency care	Preventive & emergency care	no
Preventive & Periodontal Care	الرعاية الوقائية ورعاية اللثة	no
Preventive & restorative pediatric care	Preventive & restorative pediatric care	no
Preventive and restorative care for children, including pulp therapy, stainless-steel crowns, sealants, fluoride and habit counselling.	Preventive and restorative care for children, including pulp therapy, stainless-steel crowns, sealants, fluoride and habit counselling.	no
Preventive care & simple oral surgery	Preventive care & simple oral surgery	no
Preventive dental care	رعاية الأسنان الوقائية	no
Preventive Dentistry	طب الأسنان الوقائي	yes
Preventive Dentistry dental care at Silwadi Dental Center Abu Dhabi	رعاية طب الأسنان الوقائي في مركز سلوادي بأبوظبي	yes
Preventive Treatments	العلاجات الوقائية	no
Preventive, restorative and esthetic dentistry with patient-centred care.	طب الأسنان الوقائي والترميمي والتجميلي ضمن رعاية تتمحور حول المريض.	no
Previous clinic photo	الصورة السابقة للعيادة	yes
Previous experience in healthcare quality control and insurance coding in Abu Dhabi	Previous experience in healthcare quality control and insurance coding in Abu Dhabi	no
Primary and complex root canal procedures supported by magnification where clinically appropriate.	Primary and complex root canal procedures supported by magnification where clinically appropriate.	no
Primary navigation	التنقل الرئيسي	yes
Professional cleaning and guidance for an easier home routine.	تنظيف احترافي وإرشادات لروتين منزلي أسهل.	no
Profile highlights	أبرز المعلومات	no
Profile notes	ملاحظات الملف	no
Prosthodontic rehabilitation	Prosthodontic rehabilitation	no
Prosthodontic restorations	Prosthodontic restorations	no
Prosthodontic restorative care at Silwadi Dental Center Abu Dhabi	Prosthodontic restorative care at Silwadi Dental Center Abu Dhabi	no
Prosthodontics	تركيبات الأسنان	yes
Prosthodontics · aesthetic restorative care	تركيبات الأسنان · رعاية ترميمية تجميلية	no
Prosthodontics & implantology	تركيبات وزراعة الأسنان	no
Protect your smile	احمِ ابتسامتك	no
Provide general care or involve a specialist when needed.	تقديم الرعاية العامة وإشراك اختصاصي عند الحاجة.	yes
Provides specialist endodontic diagnosis and root canal care, including assessment of complex cases.	يقدم تشخيصاً تخصصياً وعلاجاً لقنوات الجذر، بما في ذلك تقييم الحالات المعقدة.	yes
Provides specialist root canal treatment, retreatment and endodontic care with the use of magnification and imaging where clinically appropriate.	تقدم علاجاً تخصصياً لقنوات الجذر وإعادة العلاج مع استخدام التكبير والتصوير عندما يكون ذلك مناسباً سريرياً.	yes
Published researcher and member of the IDA and IAPD	Published researcher and member of the IDA and IAPD	no
Pulp therapy & dental trauma	Pulp therapy & dental trauma	no
Pulpotomy, pulpectomy and assessment of dental injuries and urgent pediatric concerns.	Pulpotomy, pulpectomy and assessment of dental injuries and urgent pediatric concerns.	no
Qualifications	المؤهلات	yes
Qualifications & professional credentials	المؤهلات والاعتمادات المهنية	no
Quick contact	تواصل سريع	yes
Radiographic assessment, routine cleaning, oral-health education and simple tooth extractions where indicated.	Radiographic assessment, routine cleaning, oral-health education and simple tooth extractions where indicated.	no
Read all reviews →	اقرأ جميع التقييمات	yes
Read reviews on Google Maps →	اقرأ التقييمات على خرائط Google	yes
Read Silwadi reviews on Google Maps	اقرأ تقييمات سلوادي على خرائط Google	no
Ready to arrange your visit?	هل أنت مستعد لترتيب زيارتك؟	no
Ready to meet the team?	هل أنت مستعد للتعرف إلى الفريق؟	no
Reassessment and repeat endodontic treatment for selected teeth when symptoms or disease persist or recur after previous treatment.	إعادة تقييم وعلاج بعض الأسنان عند استمرار الأعراض أو عودة المشكلة بعد علاج جذور سابق.	yes
Rebuild a comfortable bite.	استعادة إطباق مريح.	yes
Recent public review highlights for the Bani Yas Tower location. Read the full reviews on Google Maps.	أبرز التقييمات العامة الحديثة لفرع برج بني ياس. اقرأ التقييمات كاملةً على خرائط Google.	no
Reception at Dr. Munir Silwadi Dental Centre, Bani Yas Tower in Abu Dhabi	Reception at Dr. Munir Silwadi Dental Centre, Bani Yas Tower in Abu Dhabi	no
Reception can guide your enquiry to the right dentist or specialist. You do not need to know the treatment name before you contact us.	يمكن للاستقبال توجيه استفسارك إلى طبيب الأسنان أو الاختصاصي المناسب. لا تحتاج إلى معرفة اسم العلاج قبل التواصل معنا.	no
Referral to specialists when needed	إحالة إلى الاختصاصيين عند الحاجة	no
Regular appointments monitor movement and oral health.	تتابع المواعيد المنتظمة حركة الأسنان وصحة الفم.	no
Related care	الرعاية ذات الصلة	no
Related doctors	أطباء ذوو صلة	no
Removal of inflamed or infected pulp tissue, followed by cleaning, disinfection, shaping and sealing of the root canal system.	إزالة أنسجة اللب الملتهبة أو المصابة، ثم تنظيف قنوات الجذر وتعقيمها وتشكيلها وإغلاقها.	yes
Replace or repair teeth	تعويض الأسنان أو ترميمها	no
Request a consultation	اطلب استشارة	yes
Request a Consultation	اطلب استشارة	yes
Request Appointment	طلب موعد	yes
Residency training at Thumbay Dental Hospital	Residency training at Thumbay Dental Hospital	no
Restoration & Review	الترميم والمتابعة	yes
Restorative & aesthetic dentistry	Restorative & aesthetic dentistry	no
Restorative and aesthetic care	رعاية ترميمية وتجميلية	no
Restorative care	رعاية ترميمية	no
Restorative Dentistry	طب الأسنان الترميمي	no
Restore	الترميم	yes
Restore & replace teeth	ترميم الأسنان وتعويض المفقود	yes
Restore and replace	رمّم وعوّض	no
Restore confidence	استعد ابتسامتك	yes
Retention is commonly part of orthodontic care. Your orthodontist will explain the retention plan that applies to your case.	تُعد المثبتات جزءاً شائعاً من رعاية التقويم. وسيشرح لك اختصاصي التقويم خطة التثبيت المناسبة لحالتك.	no
Retreatment & endodontic microsurgery	Retreatment & endodontic microsurgery	no
Review	المراجعة	yes
Review alignment, bite and records needed for diagnosis.	راجع الاصطفاف والإطباق والسجلات اللازمة للتشخيص.	no
Root canal & pulp care	علاج الجذور ولب الأسنان	yes
Root canal and pulp care when a tooth is painful or infected.	علاج الجذور واللب عندما يكون السن مؤلماً أو مصاباً بالعدوى.	no
Root canal care	علاج الجذور	no
Root Canal Retreatment	إعادة علاج قناة الجذر	yes
Root canal treatment	علاج جذور الأسنان	no
Root Canal Treatment	علاج قناة الجذر	yes
Root canal treatment FAQs.	أسئلة شائعة عن علاج جذور الأسنان.	yes
Root Canal Treatment in	علاج جذور الأسنان في	yes
Root canal treatment is generally carried out under local anaesthesia. Some tenderness can occur afterwards, particularly when the tooth was inflamed or infected before treatment.	يُجرى علاج قناة الجذر عادةً تحت التخدير الموضعي. قد يحدث بعض الألم أو الحساسية بعد العلاج، خاصة إذا كان السن ملتهباً أو مصاباً قبل العلاج.	yes
Root canal treatment removes inflamed or infected pulp tissue from inside the tooth. The root canal system is then cleaned, disinfected, shaped and sealed before the tooth receives the restoration appropriate for its condition.	يزيل علاج قناة الجذر أنسجة اللب الملتهبة أو المصابة من داخل السن، ثم تُنظف القنوات وتُعقم وتُشكل وتُغلق قبل ترميم السن بما يناسب حالته.	yes
Root canal treatment using contemporary rotary techniques, with additional training in microscopic endodontics and 3D imaging.	Root canal treatment using contemporary rotary techniques, with additional training in microscopic endodontics and 3D imaging.	no
Routine & preventive care	رعاية دورية ووقائية	yes
Routine and restorative care	رعاية دورية وترميمية	no
Routine examinations, preventive planning and care that supports ongoing oral health.	فحوصات دورية وخطط وقائية تساعد على الحفاظ على صحة الفم والأسنان.	no
Routine examinations, professional cleaning, and maintenance of healthy teeth and gums.	الفحوصات الدورية والتنظيف الاحترافي والمحافظة على صحة الأسنان واللثة.	no
Routine examinations, professional hygiene guidance and preventive planning designed to protect teeth and gums and identify problems early.	فحوصات دورية وإرشادات احترافية للعناية بالفم وتخطيط وقائي لحماية الأسنان واللثة واكتشاف المشكلات مبكراً.	no
Routine root canal treatment together with preventive and restorative dental care for children.	Routine root canal treatment together with preventive and restorative dental care for children.	no
Routine root canal treatment using rotary instrumentation within general dental practice.	Routine root canal treatment using rotary instrumentation within general dental practice.	no
Routine scale and polish, simple extractions, abscess management and assessment of urgent dental concerns.	Routine scale and polish, simple extractions, abscess management and assessment of urgent dental concerns.	no
SA	SA	no
Sahar Alsalman	Sahar Alsalman	no
Sanaa Freihat	Sanaa Freihat	no
Sat–Thu: 10:00 AM to 07:00 PM	Sat–Thu: 10:00 AM to 07:00 PM	no
Saturday–Thursday 10:00 AM–7:00 PM · Friday closed	Saturday–Thursday 10:00 AM–7:00 PM · Friday closed	no
Search doctors	ابحث عن طبيب	yes
Search our Abu Dhabi dental team by name or specialty.	ابحث في فريق أطباء الأسنان لدينا في أبوظبي حسب الاسم أو التخصص.	no
Second Abu Dhabi location	فرع أبوظبي الثاني	no
Seek emergency medical care if there is significant facial or neck swelling with difficulty breathing or swallowing, uncontrolled bleeding, loss of consciousness, or major facial trauma. These situations need urgent medical assessment rather than waiting for routine dental contact.	اطلب الرعاية الطبية الطارئة إذا ظهر تورم كبير في الوجه أو الرقبة مع صعوبة في التنفس أو البلع، أو نزيف لا يتوقف، أو فقدان للوعي، أو إصابة شديدة في الوجه. تحتاج هذه الحالات إلى تقييم طبي عاجل ولا ينبغي انتظار موعد أسنان عادي.	no
Select the restorative or aesthetic approach that fits the teeth.	اختر النهج الترميمي أو التجميلي الذي يناسب أسنانك.	no
Selected areas highlighted in Dr. Silwadi's professional profile include implant and restorative treatment planning, complex rehabilitation and digital aesthetic workflows.	تشمل المجالات التي يبرزها الملف المهني للدكتور سلوادي تخطيط علاج الزراعة والترميم وإعادة التأهيل المعقدة وسير العمل التجميلي الرقمي.	no
Selected members of the Silwadi dental team	نماذج من فريق سلوادي لطب الأسنان	no
Send appointment request	أرسل طلب الموعد	yes
Send your preferred date, contact number and a short note about what you need help with.	أرسل التاريخ المفضل ورقم التواصل وملاحظة قصيرة عما تحتاج إليه.	no
Sensitivity that lingers after the temperature stimulus is removed.	حساسية تستمر بعد زوال المؤثر الحراري.	yes
Services	الخدمات	no
Serving	نخدم	no
Serving Abu Dhabi	نخدم أبوظبي	no
Serving Abu Dhabi.	نخدم أبوظبي.	no
Serving patients	نخدم مرضانا	yes
Several clinicians’ public profiles include cosmetic or aesthetic restorative dentistry among their clinical interests. The appropriate dentist depends on the treatment being considered and the findings at assessment.	تتضمن الملفات التعريفية المنشورة لعدد من أطبائنا الترميم التجميلي وتجميل الأسنان ضمن اهتماماتهم السريرية. ويعتمد اختيار الطبيب المناسب على العلاج المطلوب ونتائج التقييم.	no
Severe toothache	ألم شديد في السن	yes
SF	SF	no
Share a few details and our appointments team will confirm availability with you.	أدخل بعض التفاصيل وسيتواصل معك فريق المواعيد لتأكيد الموعد المناسب.	yes
Shared a positive experience with professional cleaning and Dr. Lujain, noting the clinic was clean and the visit well organized.	شارك تجربة إيجابية مع التنظيف الاحترافي والدكتورة لجين، مشيراً إلى نظافة العيادة وحسن تنظيم الزيارة.	no
Short answers to common questions before an endodontic appointment.	إجابات مختصرة عن أسئلة شائعة قبل موعد علاج الجذور.	yes
Silwadi at a glance	سلوادي في لمحة	yes
Silwadi Dental Center	مركز سلوادي لطب الأسنان	yes
Silwadi Dental Center home	الصفحة الرئيسية لمركز سلوادي لطب الأسنان	no
Silwadi Dental Center's multidisciplinary team includes clinicians across orthodontics, periodontics, endodontics and general dentistry.	يضم فريق مركز سلوادي متعدد التخصصات أطباء في تقويم الأسنان وأمراض اللثة وعلاج الجذور وطب الأسنان العام.	no
Silwadi Dental Centre	مركز سلوادي لطب الأسنان	no
Silwadi Dental Centre Al Raha Mall branch video	فيديو فرع مركز سلوادي في الراحة مول	yes
Silwadi Dental Centre Al Raha Mall vertical branch video	فيديو عمودي لفرع مركز سلوادي في الراحة مول	yes
Silwadi Dental Centre at Al Raha Mall	Silwadi Dental Centre at Al Raha Mall	no
Silwadi Dental Centre began serving patients in Abu Dhabi in 1980. Today, a multi-specialty, multidisciplinary team of general dentists and specialists works together across prosthodontics, implantology, orthodontics, endodontics and everyday dental care.	بدأ مركز سلوادي لطب الأسنان خدمة المرضى في أبوظبي عام 1980. ويعمل اليوم فريق متعدد التخصصات من أطباء الأسنان العامين والاختصاصيين معاً في التركيبات والزراعة والتقويم وعلاج الجذور والرعاية اليومية.	no
Silwadi Dental Centre now welcomes patients at Bani Yas Tower and Al Raha Mall.	يستقبل مركز سلوادي لطب الأسنان المرضى الآن في برج بني ياس والراحة مول.	no
Silwadi Dental Centre opens in Abu Dhabi.	افتُتح مركز سلوادي لطب الأسنان في أبوظبي.	yes
Silwadi history	تاريخ مركز سلوادي	yes
Silwadi welcomes patients at Bani Yas Tower and Al Raha Mall.	يستقبل مركز سلوادي المرضى في برج بني ياس والراحة مول.	no
since 1980	منذ عام 1980	no
Since 1980	منذ عام 1980	yes
Since 1980, our dentists and specialists have cared for Abu Dhabi families with clear advice and a warm welcome.	منذ عام 1980، يعتني أطباؤنا واختصاصيونا بعائلات أبوظبي من خلال نصائح واضحة وترحيب دافئ.	no
since 1980.	منذ عام 1980	yes
Single-tooth, partial and full-arch implant treatment planning within his granted implant privilege.	Single-tooth, partial and full-arch implant treatment planning within his granted implant privilege.	no
Skip to content	انتقل إلى المحتوى	no
Smile and prevention	الابتسامة والوقاية	no
Smile makeovers, reshaping and anterior restorative work are listed among her interests.	تشمل اهتماماتها تجميل الابتسامة وإعادة تشكيلها وترميم الأسنان الأمامية.	no
Smile-focused restorative planning, veneers and cosmetic fillings.	تخطيط ترميمي يركز على الابتسامة وقشور الأسنان والحشوات التجميلية.	no
Socket preservation, localized ridge augmentation, bone grafting and connective-tissue grafting.	Socket preservation, localized ridge augmentation, bone grafting and connective-tissue grafting.	no
Some symptoms can come from the pulp or tissues around the root. An examination and appropriate imaging are needed to determine the cause.	قد تنشأ بعض الأعراض من لب السن أو الأنسجة المحيطة بالجذر. يلزم الفحص والتصوير المناسب لتحديد السبب.	yes
Space maintenance, interceptive appliances, oral-habit counselling and practical guidance for parents and caregivers.	Space maintenance, interceptive appliances, oral-habit counselling and practical guidance for parents and caregivers.	no
Speak with reception	تحدث مع الاستقبال	yes
Speak with the team	تحدث مع الفريق	yes
Specialist	الاختصاصي	yes
Specialist assessment and non-surgical root canal care.	تقييم تخصصي وعلاج غير جراحي لقنوات الجذر.	no
Specialist assessment and treatment for problems affecting the dental pulp and root canal system, with care focused on preserving the natural tooth whenever clinically appropriate.	تقييم وعلاج تخصصي للمشكلات التي تصيب لب السن ونظام قنوات الجذر، مع التركيز على الحفاظ على السن الطبيعي متى كان ذلك مناسباً سريرياً.	yes
Specialist care for alignment, gums and the tissues that support your teeth.	رعاية تخصصية لاصطفاف الأسنان واللثة والأنسجة الداعمة.	no
Specialist care for braces, aligners, tooth alignment and bite correction.	رعاية تخصصية لتقويم الأسنان باستخدام التقويم والصفافات الشفافة وتصحيح اصطفاف الأسنان والإطباق.	no
Specialist care for the gums and supporting tissues around the teeth.	رعاية تخصصية للثة والأنسجة الداعمة للأسنان.	no
Specialist dental care for children	رعاية أسنان تخصصية للأطفال	yes
Specialist endodontic care is provided by clinicians whose practice focuses on diagnosis and treatment of the dental pulp and root canal system.	يقدم رعاية علاج الجذور اختصاصيون يركز عملهم على تشخيص وعلاج لب السن ونظام قنوات الجذر.	yes
Specialist endodontics	اختصاصي علاج الجذور	no
Specialist Endodontics	علاج جذور الأسنان التخصصي	yes
Specialist Endodontist	اختصاصي علاج جذور الأسنان	yes
Specialist expertise. Personal care.	خبرة تخصصية ورعاية باهتمام	yes
Specialist gum care for periodontal disease and the supporting tissues around the teeth, including non-surgical and surgical treatment when indicated.	رعاية تخصصية لأمراض اللثة والأنسجة الداعمة حول الأسنان، مع علاج غير جراحي أو جراحي عند الحاجة.	no
Specialist orthodontic assessment.	تقييم تخصصي لتقويم الأسنان.	no
Specialist orthodontic care for tooth alignment and bite correction using braces, aligners, retainers and other appliances where appropriate.	رعاية تخصصية لتصحيح اصطفاف الأسنان والإطباق باستخدام التقويم والصفافات والمثبتات وغيرها عند ملاءمتها.	no
Specialist orthodontics	اختصاصي تقويم أسنان	no
Specialist Orthodontics	اختصاصي تقويم أسنان	no
Specialist Orthodontist	اختصاصي تقويم الأسنان	no
Specialist Pediatric Dentist	اختصاصية طب أسنان الأطفال	yes
Specialist periodontal care with implant privilege, tissue regeneration and selected laser-assisted procedures.	Specialist periodontal care with implant privilege, tissue regeneration and selected laser-assisted procedures.	no
Specialist periodontics	اختصاصي أمراض اللثة	no
Specialist Periodontics	اختصاصي أمراض اللثة	no
Specialist Periodontics · implant dentistry interest	اختصاصي أمراض اللثة · اهتمام بزراعة الأسنان	no
Specialist Periodontist & Implantologist	Specialist Periodontist & Implantologist	no
Specialist planning	تخطيط تخصصي	no
Specialist prosthodontic input	إشراف اختصاصي التركيبات	no
Specialist Prosthodontist & Implantologist	اختصاصي تركيبات وزراعة الأسنان	no
Specialist restorative care focused on repairing or replacing teeth with crowns, bridges, veneers, dentures and implant-supported restorations, including full-mouth rehabilitation when indicated.	Specialist restorative care focused on repairing or replacing teeth with crowns, bridges, veneers, dentures and implant-supported restorations, including full-mouth rehabilitation when indicated.	no
Specialist restorative care for repairing or replacing teeth with crowns, bridges, veneers, dentures and other prosthetic solutions.	رعاية تخصصية لترميم الأسنان أو تعويض المفقود منها باستخدام التيجان والجسور والقشور والأطقم وغيرها من الحلول.	no
Specialist-led care	رعاية بإشراف اختصاصيين	yes
Specialists	الاختصاصيون	yes
Specialty	التخصص	yes
Start here	ابدأ من هنا	no
Start with the concern that brought you here. Each option opens a focused guide or takes you to the related service on our main services page.	ابدأ بالمشكلة التي دفعتك إلى طلب الرعاية. يوضح كل خيار الخطوة التالية أو ينقلك إلى الخدمة ذات الصلة.	yes
Start with the health of the teeth	ابدأ بصحة الأسنان	no
Start with what you need.	ابدأ بما تحتاج إليه.	no
Sultan Bin Zayed The First St, W Corniche Road, Abu Dhabi, UAE	شارع سلطان بن زايد الأول، طريق الكورنيش الغربي، أبوظبي، الإمارات العربية المتحدة	no
Sun–Wed 09:00–21:00 · Thu & Sat 09:00–18:00 · Friday closed	الأحد–الأربعاء 09:00–21:00 · الخميس والسبت 09:00–18:00 · الجمعة مغلق	no
Sun–Wed: 09:00 AM to 09:00 PM	Sun–Wed: 09:00 AM to 09:00 PM	no
Support every stage of a smile.	رعاية تناسب كل مرحلة عمرية.	yes
Swelling or dental trauma	تورم أو إصابة في الأسنان	no
Swelling or tenderness	تورم أو ألم عند اللمس	yes
Swelling, gum tenderness or discomfort around a specific tooth.	تورم أو ألم في اللثة أو انزعاج حول سن محدد.	yes
Symptoms	الأعراض	yes
Symptoms that may need an endodontist.	أعراض قد تستدعي مراجعة اختصاصي علاج الجذور.	yes
Symptoms, clinical tests and imaging are reviewed to establish the diagnosis.	تُراجع الأعراض والفحوص السريرية والصور لتحديد التشخيص.	yes
Syrian Board Certification in Removable Prosthodontics, 2023	Syrian Board Certification in Removable Prosthodontics, 2023	no
Talk to our team	تحدث مع فريقنا	no
Talk to reception	تحدث مع الاستقبال	yes
Tap to read	اضغط للقراءة	no
Techniques intended to preserve pulp vitality or support regeneration when indicated by the clinical assessment.	Techniques intended to preserve pulp vitality or support regeneration when indicated by the clinical assessment.	no
Tell our team what you need help with and we can guide you toward the appropriate clinician.	أخبر فريقنا بما تحتاج إليه وسنوجهك إلى الطبيب المناسب.	no
Tell reception what happened and the main symptoms.	أخبر الاستقبال بما حدث والأعراض الأساسية.	no
Tell reception what you would like help with and the team can guide your appointment enquiry.	أخبر الاستقبال بما تحتاج إليه وسيساعدك الفريق في توجيه طلب موعدك.	yes
Tell us how we can help.	أخبرنا كيف يمكننا مساعدتك.	no
Tell us what is bothering you.	أخبرنا ما الذي يزعجك.	no
Tell us what you need help with and reception can point you to the right dentist or specialist.	أخبر فريق الاستقبال بما تحتاج إليه وسنوجّهك إلى الطبيب أو الاختصاصي المناسب.	yes
That is decided after assessment and restorative planning, based on the number and position of missing teeth and your clinical findings.	يتحدد ذلك بعد التقييم والتخطيط الترميمي، وفق عدد الأسنان المفقودة ومواضعها ونتائج الفحص السريري.	no
The canals are cleaned, shaped, disinfected and sealed according to the clinical situation.	تُنظف القنوات وتُشكّل وتُعقّم وتُغلق بحسب الحالة السريرية.	yes
The centre accepts insurance and submits most claims electronically on behalf of patients. Coverage varies by provider and plan, so contact reception with your insurance details before your visit.	يقبل المركز التأمين ويرسل معظم المطالبات إلكترونياً نيابة عن المرضى. تختلف التغطية حسب شركة التأمين والخطة، لذا تواصل مع الاستقبال بتفاصيل تأمينك قبل الزيارة.	no
The centre’s public profile records more than 35 years of experience and a broad GP scope including endodontic and prosthetic restorative care.	يسجل الملف المنشور للمركز خبرة تزيد على 35 عاماً ونطاقاً واسعاً في طب الأسنان العام يشمل علاج الجذور والترميمات التعويضية.	no
The dentist checks the teeth, gums, bite and development. Dental X-rays are considered only when clinically indicated.	يفحص الطبيب الأسنان واللثة والإطباق والنمو، وتُطلب الأشعة فقط عند وجود حاجة سريرية.	yes
The dentist examines the problem before recommending treatment.	يفحص طبيب الأسنان المشكلة قبل التوصية بالعلاج.	no
The final restoration depends on the tooth, the amount of remaining tooth structure and the clinical situation. Your dentist or specialist will advise on the appropriate restoration after treatment.	يعتمد الترميم النهائي على السن وكمية بنية السن المتبقية والحالة السريرية. سيشرح لك طبيب الأسنان أو الاختصاصي الترميم المناسب بعد العلاج.	yes
The final restorative stage follows the appropriate clinical steps.	تأتي المرحلة الترميمية النهائية بعد استكمال الخطوات السريرية المناسبة.	no
The right appliance depends on the bite, tooth position, age and treatment goals. Options may include fixed braces, clear aligners such as Invisalign in selected cases, and retainers after active treatment. Not every option is suitable for every patient.	يعتمد الجهاز المناسب على الإطباق وموضع الأسنان والعمر وأهداف العلاج. وقد تشمل الخيارات التقويم الثابت أو الصفافات الشفافة مثل Invisalign في حالات مختارة، إضافة إلى المثبتات بعد مرحلة العلاج النشط. ولا يناسب كل خيار جميع الحالات.	yes
The right interval depends on your oral health and risk factors. Your dentist can recommend a review schedule after examining you.	يعتمد الفاصل المناسب على صحة فمك وعوامل الخطورة لديك. ويمكن لطبيبك اقتراح جدول للمراجعة بعد فحصك.	no
The Silwadi Dental Centre team at the Abu Dhabi clinic	فريق مركز سلوادي لطب الأسنان في عيادة أبوظبي	yes
The tooth is restored as appropriate and reviewed when clinically required.	يُرمم السن بالطريقة المناسبة وتتم متابعته عند الحاجة السريرية.	yes
The treatment recommended depends on the condition of the tooth, previous care and whether the tooth can be restored appropriately.	يعتمد العلاج الموصى به على حالة السن والعلاج السابق وإمكانية ترميم السن بشكل مناسب.	yes
There is time for questions at every visit. We explain treatment in plain language, keep your comfort in mind and help you find the right next step.	نخصص وقتاً لأسئلتك في كل زيارة. نشرح العلاج بلغة واضحة، ونضع راحتك في الاعتبار، ونساعدك في اختيار الخطوة التالية المناسبة.	no
These symptoms do not always mean root canal treatment is required. The diagnosis depends on the examination and clinical findings.	لا تعني هذه الأعراض دائماً أن علاج الجذور ضروري؛ فالتشخيص يعتمد على الفحص والنتائج السريرية.	yes
Thinking about changing the colour, shape or appearance of your smile? The first step is to understand the health of the teeth and which options are appropriate.	هل تفكر في تغيير لون ابتسامتك أو شكلها أو مظهرها؟ تبدأ الخطوة الأولى بفهم صحة الأسنان والخيارات المناسبة لك.	no
Three years of orthodontic training at St André Hospital in Bordeaux	ثلاث سنوات من التدريب في تقويم الأسنان في مستشفى سان أندريه في بوردو	yes
Thu & Sat: 09:00 AM to 06:00 PM	Thu & Sat: 09:00 AM to 06:00 PM	no
Today	اليوم	no
Tooth preservation	الحفاظ على السن	yes
Training	التدريب	yes
Treat or refer	العلاج أو الإحالة	yes
Treatment	العلاج	yes
Treatment information	معلومات العلاج	yes
Treatment interests	الاهتمامات العلاجية	no
Treatment options	خيارات العلاج	yes
Treatment overview	نظرة عامة على العلاج	no
Treatment room at Silwadi Dental Centre, Bani Yas Tower with Abu Dhabi Corniche view	Treatment room at Silwadi Dental Centre, Bani Yas Tower with Abu Dhabi Corniche view	no
Treatments	العلاجات	yes
Two locations	فرعان في أبوظبي	yes
Two locations in	فرعان في	no
Understand	فهم الحالة	yes
Understand the concern and assess the teeth and gums.	افهم المشكلة وقيّم الأسنان واللثة.	no
University Diploma in Lingual Orthodontics (DUOL), Paris V University, 1999	دبلوم جامعي في التقويم اللساني (DUOL)، جامعة باريس الخامسة، 1999	yes
Urgent contact	تواصل عاجل	no
Urgent dental appointments depend on clinic hours and clinician availability.	تعتمد المواعيد العاجلة على ساعات عمل العيادة وتوفر الطبيب.	no
Urgent dental care	رعاية أسنان عاجلة	no
Urgent dental concerns can include severe tooth pain, a broken or chipped tooth, a lost filling or crown, dental swelling, or dental trauma. Call the centre so reception can check appointment availability and direct the concern appropriately.	قد تشمل مشكلات الأسنان العاجلة ألماً شديداً أو سناً مكسوراً أو متشظياً أو حشوة أو تاجاً مفقوداً أو تورماً أو إصابة في الأسنان. اتصل بالمركز ليتحقق الاستقبال من توفر المواعيد ويوجهك إلى الرعاية المناسبة.	no
Use of Diode and Er:YAG laser techniques for selected periodontal and soft-tissue procedures, together with surgical extractions where clinically indicated.	Use of Diode and Er:YAG laser techniques for selected periodontal and soft-tissue procedures, together with surgical extractions where clinically indicated.	no
Use the doctor directory or treatment directory, or contact reception and describe the reason for your visit.	استخدم دليل الأطباء أو دليل العلاجات، أو تواصل مع الاستقبال واشرح سبب زيارتك.	no
VD	VD	no
Veneers and restorations	القشور والترميمات	no
Veneers, whitening and restorative smile planning after review.	قشور وتبييض وتخطيط ترميمي للابتسامة بعد المراجعة.	no
Victoriya Davydova	Victoriya Davydova	no
View all doctors	عرض جميع الأطباء	yes
View all services	عرض جميع الخدمات	yes
View all treatments	عرض جميع العلاجات	no
View Bani Yas Tower and Al Raha Mall locations	View Bani Yas Tower and Al Raha Mall locations	no
View Doctor Profile	عرض ملف الطبيبة	yes
View Dr. Munir’s profile →	عرض ملف د. منير	yes
View profile	عرض الملف	yes
View profile →	عرض الملف	yes
View the full dental team →	عرض الفريق الطبي كاملاً	yes
View treatments	عرض العلاجات	no
Visit the centre	زيارة المركز	yes
Visit us at Bani Yas Tower or Al Raha Mall. Our team can help you choose the right appointment.	زورونا في برج بني ياس أو الراحة مول. يساعدك فريقنا في اختيار الموعد المناسب.	no
Vital Pulp Therapy & Dental Trauma	علاج اللب الحيوي وإصابات الأسنان	yes
Vital pulp therapy & regenerative procedures	Vital pulp therapy & regenerative procedures	no
Waiting area and corridor at Silwadi Dental Centre Al Raha Mall branch in Abu Dhabi	منطقة الانتظار والممر في فرع مركز سلوادي بالراحة مول في أبوظبي	yes
We start with your child's symptoms, dental history, medical information and any concerns you want us to know.	نبدأ بأعراض طفلك وتاريخه السني والمعلومات الطبية وأي ملاحظات تود أن نعرفها.	yes
What a general dentist can help with	كيف يمكن لطبيب الأسنان العام مساعدتك؟	no
What are dental implants?	ما هي زراعة الأسنان؟	no
What happens when you call	ماذا يحدث عند الاتصال؟	no
What if I have facial swelling?	ماذا أفعل إذا كان لدي تورم في الوجه؟	no
What if my child is scared of the dentist?	ماذا لو كان طفلي خائفاً من طبيب الأسنان؟	yes
What is endodontics?	ما هو علاج جذور الأسنان؟	yes
What is root canal treatment?	ما هو علاج قناة الجذر؟	yes
What orthodontic treatment addresses	ما الذي يعالجه تقويم الأسنان؟	no
What patients say about Silwadi.	ماذا يقول المرضى عن سلوادي؟	no
What should I do after a dental injury?	ماذا أفعل بعد إصابة في الأسنان؟	yes
What to expect	ما الذي تتوقعه	yes
What we help with	مجالات الرعاية	yes
WhatsApp	واتساب	yes
WhatsApp Silwadi Dental Center	تواصل مع مركز سلوادي لطب الأسنان عبر واتساب	no
When not to wait for a dental appointment	متى لا تنتظر موعد الأسنان؟	no
When should my child first see a dentist?	متى يجب أن يزور طفلي طبيب الأسنان لأول مرة؟	yes
When to call for urgent dental care	متى تتصل للحصول على رعاية أسنان عاجلة؟	no
When to seek assessment	متى تحتاج إلى تقييم	yes
Where to find us	أين تجدنا	no
Whitening	تبييض الأسنان	no
Who may be suitable?	لمن قد يكون العلاج مناسباً؟	yes
Why would a tooth need root canal retreatment?	لماذا قد يحتاج السن إلى إعادة علاج الجذور؟	yes
Wide view of the pediatric dental treatment room at Silwadi Dental Center	منظر واسع لغرفة علاج أسنان الأطفال في مركز سلوادي	yes
Will I need a crown after root canal treatment?	هل سأحتاج إلى تاج بعد علاج الجذور؟	yes
Will I need retainers after treatment?	هل سأحتاج إلى مثبتات بعد العلاج؟	no
With over nine years of clinical experience, Dr. Kashmira's work includes preventive and restorative pediatric dentistry, pulp therapy, dental trauma and behavior guidance for children.	بخبرة سريرية تتجاوز تسع سنوات، تشمل ممارسة د. كاشميرا الوقاية والترميم في طب أسنان الأطفال وعلاج اللب وإصابات الأسنان والتوجيه السلوكي للأطفال.	yes
Yes. A dental assessment helps identify decay, gum problems, existing restorations or bite issues that may affect the plan.	نعم. يساعد فحص الأسنان في اكتشاف التسوس ومشكلات اللثة والتركيبات الموجودة أو مشكلات الإطباق التي قد تؤثر في الخطة.	no
Yes. Baby teeth support chewing, speech and space for developing permanent teeth. The right treatment depends on the tooth, symptoms, clinical findings and prognosis.	نعم. تساعد الأسنان اللبنية في المضغ والكلام وتحافظ على المساحة للأسنان الدائمة. يعتمد العلاج المناسب على السن والأعراض والنتائج السريرية والتوقعات العلاجية.	yes
Yes. If the problem needs specialist care, the dentist can direct you to the appropriate discipline.	نعم. إذا احتاجت المشكلة إلى رعاية تخصصية، يوجهك الطبيب إلى الاختصاص المناسب.	no
Yes. Orthodontic treatment can be considered for adults as well as children and teenagers, depending on clinical findings.	نعم. يمكن التفكير في تقويم الأسنان للكبار كما للأطفال واليافعين، بحسب نتائج الفحص السريري.	no
Yes. Preventive planning and oral-hygiene support are part of general dental care, based on individual needs.	نعم. يشكل التخطيط الوقائي ودعم نظافة الفم جزءاً من رعاية الأسنان العامة، وفق احتياجات كل شخص.	no
Your details are sent securely to our appointments team and used only to respond to this appointment enquiry. Please do not include sensitive medical information in the form.	تُرسل بياناتك بشكل آمن إلى فريق المواعيد لدينا، وتُستخدم فقط للرد على طلب الموعد. يرجى عدم إدخال معلومات طبية حساسة في النموذج.	yes
Your exact appointment sequence may vary depending on the tooth and diagnosis, but the process generally follows these stages.	قد تختلف مواعيد وخطوات العلاج بحسب السن والتشخيص، لكن المسار عادةً يمر بهذه المراحل.	yes
Your request is sent directly to our appointments team. They will confirm availability and guide you to the right clinician.	يُرسل طلبك مباشرةً إلى فريق المواعيد لدينا. سيتواصلون معك لتأكيد التوافر وإرشادك إلى الطبيب المناسب.	yes
